                  :-) GROMACS - gmx mdrun, 2020-UNCHECKED (-:

                            GROMACS is written by:
     Emile Apol      Rossen Apostolov      Paul Bauer     Herman J.C. Berendsen
    Par Bjelkmar      Christian Blau   Viacheslav Bolnykh     Kevin Boyd    
 Aldert van Buuren   Rudi van Drunen     Anton Feenstra       Alan Gray     
  Gerrit Groenhof     Anca Hamuraru    Vincent Hindriksen  M. Eric Irrgang  
  Aleksei Iupinov   Christoph Junghans     Joe Jordan     Dimitrios Karkoulis
    Peter Kasson        Jiri Kraus      Carsten Kutzner      Per Larsson    
  Justin A. Lemkul    Viveca Lindahl    Magnus Lundborg     Erik Marklund   
    Pascal Merz     Pieter Meulenhoff    Teemu Murtola       Szilard Pall   
    Sander Pronk      Roland Schulz      Michael Shirts    Alexey Shvetsov  
   Alfons Sijbers     Peter Tieleman      Jon Vincent      Teemu Virolainen 
 Christian Wennberg    Maarten Wolf      Artem Zhmurov   
                           and the project leaders:
        Mark Abraham, Berk Hess, Erik Lindahl, and David van der Spoel

Copyright (c) 1991-2000, University of Groningen, The Netherlands.
Copyright (c) 2001-2019, The GROMACS development team at
Uppsala University, Stockholm University and
the Royal Institute of Technology, Sweden.
check out http://www.gromacs.org for more information.

GROMACS is free software; you can redistribute it and/or modify it
under the terms of the GNU Lesser General Public License
as published by the Free Software Foundation; either version 2.1
of the License, or (at your option) any later version.

GROMACS:      gmx mdrun, version 2020-UNCHECKED
Executable:   /usr/local/gromacs/bin/gmx
Data prefix:  /usr/local/gromacs
Working dir:  /home/ltr/PYTHON/M3-Plant-Plasma-Lipids/GIPC_4sug_BL
Process ID:   3747
Command line:
  gmx mdrun -v -deffnm m -nt 5

GROMACS version:    2020-UNCHECKED
The source code this program was compiled from has not been verified because the reference checksum was missing during compilation. This means you have an incomplete GROMACS distribution, please make sure to download an intact source distribution and compile that before proceeding.
Computed checksum: NoChecksumFile
Precision:          single
Memory model:       64 bit
MPI library:        thread_mpi
OpenMP support:     enabled (GMX_OPENMP_MAX_THREADS = 64)
GPU support:        disabled
SIMD instructions:  AVX2_256
FFT library:        fftw-3.3.8-sse2-avx-avx2-avx2_128
RDTSCP usage:       enabled
TNG support:        enabled
Hwloc support:      hwloc-2.1.0
Tracing support:    disabled
C compiler:         /usr/bin/cc GNU 9.4.0
C compiler flags:   -mavx2 -mfma -fexcess-precision=fast -funroll-all-loops
C++ compiler:       /usr/bin/c++ GNU 9.4.0
C++ compiler flags: -mavx2 -mfma -fexcess-precision=fast -funroll-all-loops -fopenmp


Running on 1 node with total 6 cores, 12 logical cores
Hardware detected:
  CPU info:
    Vendor: AMD
    Brand:  AMD Ryzen 5 4600H with Radeon Graphics         
    Family: 23   Model: 96   Stepping: 1
    Features: aes amd apic avx avx2 clfsh cmov cx8 cx16 f16c fma htt lahf misalignsse mmx msr nonstop_tsc pclmuldq pdpe1gb popcnt pse rdrnd rdtscp sha sse2 sse3 sse4a sse4.1 sse4.2 ssse3
  Hardware topology: Full, with devices
    Sockets, cores, and logical processors:
      Socket  0: [   0   1] [   2   3] [   4   5] [   6   7] [   8   9] [  10  11]
    Numa nodes:
      Node  0 (8261910528 bytes mem):   0   1   2   3   4   5   6   7   8   9  10  11
      Latency:
               0
         0  1.00
    Caches:
      L1: 32768 bytes, linesize 64 bytes, assoc. 8, shared 2 ways
      L2: 524288 bytes, linesize 64 bytes, assoc. 8, shared 2 ways
      L3: 4194304 bytes, linesize 64 bytes, assoc. 16, shared 12 ways
    PCI devices:
      5582:00:00.0  Id: 1af4:1043  Class: 0x0100  Numa: 0
      e2a1:00:00.0  Id: 1414:008e  Class: 0x0302  Numa: 0


++++ PLEASE READ AND CITE THE FOLLOWING REFERENCE ++++
M. J. Abraham, T. Murtola, R. Schulz, S. Páll, J. C. Smith, B. Hess, E.
Lindahl
GROMACS: High performance molecular simulations through multi-level
parallelism from laptops to supercomputers
SoftwareX 1 (2015) pp. 19-25
-------- -------- --- Thank You --- -------- --------


++++ PLEASE READ AND CITE THE FOLLOWING REFERENCE ++++
S. Páll, M. J. Abraham, C. Kutzner, B. Hess, E. Lindahl
Tackling Exascale Software Challenges in Molecular Dynamics Simulations with
GROMACS
In S. Markidis & E. Laure (Eds.), Solving Software Challenges for Exascale 8759 (2015) pp. 3-27
-------- -------- --- Thank You --- -------- --------


++++ PLEASE READ AND CITE THE FOLLOWING REFERENCE ++++
S. Pronk, S. Páll, R. Schulz, P. Larsson, P. Bjelkmar, R. Apostolov, M. R.
Shirts, J. C. Smith, P. M. Kasson, D. van der Spoel, B. Hess, and E. Lindahl
GROMACS 4.5: a high-throughput and highly parallel open source molecular
simulation toolkit
Bioinformatics 29 (2013) pp. 845-54
-------- -------- --- Thank You --- -------- --------


++++ PLEASE READ AND CITE THE FOLLOWING REFERENCE ++++
B. Hess and C. Kutzner and D. van der Spoel and E. Lindahl
GROMACS 4: Algorithms for highly efficient, load-balanced, and scalable
molecular simulation
J. Chem. Theory Comput. 4 (2008) pp. 435-447
-------- -------- --- Thank You --- -------- --------


++++ PLEASE READ AND CITE THE FOLLOWING REFERENCE ++++
D. van der Spoel, E. Lindahl, B. Hess, G. Groenhof, A. E. Mark and H. J. C.
Berendsen
GROMACS: Fast, Flexible and Free
J. Comp. Chem. 26 (2005) pp. 1701-1719
-------- -------- --- Thank You --- -------- --------


++++ PLEASE READ AND CITE THE FOLLOWING REFERENCE ++++
E. Lindahl and B. Hess and D. van der Spoel
GROMACS 3.0: A package for molecular simulation and trajectory analysis
J. Mol. Mod. 7 (2001) pp. 306-317
-------- -------- --- Thank You --- -------- --------


++++ PLEASE READ AND CITE THE FOLLOWING REFERENCE ++++
H. J. C. Berendsen, D. van der Spoel and R. van Drunen
GROMACS: A message-passing parallel molecular dynamics implementation
Comp. Phys. Comm. 91 (1995) pp. 43-56
-------- -------- --- Thank You --- -------- --------


++++ PLEASE CITE THE DOI FOR THIS VERSION OF GROMACS ++++
https://doi.org/10.5281/zenodo.3562495
-------- -------- --- Thank You --- -------- --------

Input Parameters:
   integrator                     = steep
   tinit                          = 0
   dt                             = 0.001
   nsteps                         = 500
   init-step                      = 0
   simulation-part                = 1
   comm-mode                      = Linear
   nstcomm                        = 100
   bd-fric                        = 0
   ld-seed                        = 2071902066
   emtol                          = 100
   emstep                         = 0.01
   niter                          = 20
   fcstep                         = 0
   nstcgsteep                     = 1000
   nbfgscorr                      = 10
   rtpi                           = 0.05
   nstxout                        = 250000
   nstvout                        = 250000
   nstfout                        = 0
   nstlog                         = 5000
   nstcalcenergy                  = 100
   nstenergy                      = 5000
   nstxout-compressed             = 5000
   compressed-x-precision         = 1000
   cutoff-scheme                  = Verlet
   nstlist                        = 5
   pbc                            = xyz
   periodic-molecules             = false
   verlet-buffer-tolerance        = 0.005
   rlist                          = 1.47
   coulombtype                    = Reaction-Field
   coulomb-modifier               = Potential-shift
   rcoulomb-switch                = 0
   rcoulomb                       = 1.4
   epsilon-r                      = 1
   epsilon-rf                     = 80
   vdw-type                       = Cut-off
   vdw-modifier                   = Potential-shift
   rvdw-switch                    = 0
   rvdw                           = 1.4
   DispCorr                       = EnerPres
   table-extension                = 1
   fourierspacing                 = 0.12
   fourier-nx                     = 0
   fourier-ny                     = 0
   fourier-nz                     = 0
   pme-order                      = 4
   ewald-rtol                     = 1e-05
   ewald-rtol-lj                  = 0.001
   lj-pme-comb-rule               = Geometric
   ewald-geometry                 = 0
   epsilon-surface                = 0
   tcoupl                         = No
   nsttcouple                     = -1
   nh-chain-length                = 0
   print-nose-hoover-chain-variables = false
   pcoupl                         = No
   pcoupltype                     = Isotropic
   nstpcouple                     = -1
   tau-p                          = 1
   compressibility (3x3):
      compressibility[    0]={ 0.00000e+00,  0.00000e+00,  0.00000e+00}
      compressibility[    1]={ 0.00000e+00,  0.00000e+00,  0.00000e+00}
      compressibility[    2]={ 0.00000e+00,  0.00000e+00,  0.00000e+00}
   ref-p (3x3):
      ref-p[    0]={ 0.00000e+00,  0.00000e+00,  0.00000e+00}
      ref-p[    1]={ 0.00000e+00,  0.00000e+00,  0.00000e+00}
      ref-p[    2]={ 0.00000e+00,  0.00000e+00,  0.00000e+00}
   refcoord-scaling               = No
   posres-com (3):
      posres-com[0]= 0.00000e+00
      posres-com[1]= 0.00000e+00
      posres-com[2]= 0.00000e+00
   posres-comB (3):
      posres-comB[0]= 0.00000e+00
      posres-comB[1]= 0.00000e+00
      posres-comB[2]= 0.00000e+00
   QMMM                           = false
   QMconstraints                  = 0
   QMMMscheme                     = 0
   MMChargeScaleFactor            = 1
qm-opts:
   ngQM                           = 0
   constraint-algorithm           = Lincs
   continuation                   = false
   Shake-SOR                      = false
   shake-tol                      = 0.0001
   lincs-order                    = 4
   lincs-iter                     = 1
   lincs-warnangle                = 30
   nwall                          = 0
   wall-type                      = 9-3
   wall-r-linpot                  = -1
   wall-atomtype[0]               = -1
   wall-atomtype[1]               = -1
   wall-density[0]                = 0
   wall-density[1]                = 0
   wall-ewald-zfac                = 3
   pull                           = false
   awh                            = false
   rotation                       = false
   interactiveMD                  = false
   disre                          = No
   disre-weighting                = Conservative
   disre-mixed                    = false
   dr-fc                          = 1000
   dr-tau                         = 0
   nstdisreout                    = 100
   orire-fc                       = 0
   orire-tau                      = 0
   nstorireout                    = 100
   free-energy                    = no
   cos-acceleration               = 0
   deform (3x3):
      deform[    0]={ 0.00000e+00,  0.00000e+00,  0.00000e+00}
      deform[    1]={ 0.00000e+00,  0.00000e+00,  0.00000e+00}
      deform[    2]={ 0.00000e+00,  0.00000e+00,  0.00000e+00}
   simulated-tempering            = false
   swapcoords                     = no
   userint1                       = 0
   userint2                       = 0
   userint3                       = 0
   userint4                       = 0
   userreal1                      = 0
   userreal2                      = 0
   userreal3                      = 0
   userreal4                      = 0
   applied-forces:
     electric-field:
       x:
         E0                       = 0
         omega                    = 0
         t0                       = 0
         sigma                    = 0
       y:
         E0                       = 0
         omega                    = 0
         t0                       = 0
         sigma                    = 0
       z:
         E0                       = 0
         omega                    = 0
         t0                       = 0
         sigma                    = 0
     density-guided-simulation:
       active                     = false
       group                      = protein
       similarity-measure         = inner-product
       atom-spreading-weight      = unity
       force-constant             = 1e+09
       gaussian-transform-spreading-width = 0.2
       gaussian-transform-spreading-range-in-multiples-of-width = 4
       reference-density-filename = reference.mrc
       nst                        = 1
       normalize-densities        = true
       adaptive-force-scaling     = false
       adaptive-force-scaling-time-constant = 4
grpopts:
   nrdf:        4587
   ref-t:           0
   tau-t:           0
annealing:          No
annealing-npoints:           0
   acc:	           0           0           0
   nfreeze:           N           N           N
   energygrp-flags[  0]: 0

Using 1 MPI thread

Non-default thread affinity set, disabling internal thread affinity

Using 5 OpenMP threads 

System total charge: 0.000
Reaction-Field:
epsRF = 80, rc = 1.4, krf = 0.17882, crf = 1.06477, epsfac = 138.935
The electrostatics potential has its minimum at r = 1.40881
Potential shift: LJ r^-12: -1.764e-02 r^-6: -1.328e-01

Using SIMD 4x8 nonbonded short-range kernels

Using a 4x8 pair-list setup:
  updated every 5 steps, buffer 0.070 nm, rlist 1.470 nm

Using full Lennard-Jones parameter combination matrix

Long Range LJ corr.: <C6> 9.1214e-02

Removing pbc first time

Initializing LINear Constraint Solver

++++ PLEASE READ AND CITE THE FOLLOWING REFERENCE ++++
B. Hess
P-LINCS: A Parallel Linear Constraint Solver for molecular simulation
J. Chem. Theory Comput. 4 (2008) pp. 116-122
-------- -------- --- Thank You --- -------- --------

The number of constraints is 432
432 constraints are involved in constraint triangles,
will apply an additional matrix expansion of order 4 for couplings
between constraints inside triangles

Note that activating steepest-descent energy minimization via the integrator .mdp option and the command gmx mdrun may be available in a different form in a future version of GROMACS, e.g. gmx minimize and an .mdp option.
Initiating Steepest Descents
Started Steepest Descents on rank 0 Sun Mar 16 13:11:27 2025


Steepest Descents:
   Tolerance (Fmax)   =  1.00000e+02
   Number of steps    =          500
           Step           Time
              0        0.00000

   Energies (kJ/mol)
           Bond          Angle       G96AngleRestricted Angles  Improper Dih.
    4.04667e+04    1.66193e+04    9.12107e+03    1.07931e+05    1.94065e+04
        LJ (SR)  Disper. corr.   Coulomb (SR)      Potential Pres. DC (bar)
    2.20554e+08   -1.90322e+03   -5.10758e+02    2.20745e+08    0.00000e+00
 Pressure (bar)   Constr. rmsd
    2.67556e+08    4.67661e-03

           Step           Time
              1        1.00000

   Energies (kJ/mol)
           Bond          Angle       G96AngleRestricted Angles  Improper Dih.
    4.04755e+04    1.65299e+04    9.12292e+03    1.07731e+05    1.94131e+04
        LJ (SR)  Disper. corr.   Coulomb (SR)      Potential Pres. DC (bar)
    8.14464e+07   -1.90322e+03   -7.67030e+02    8.16370e+07    0.00000e+00
 Pressure (bar)   Constr. rmsd
    7.95632e+07    9.47944e-07

           Step           Time
              2        2.00000

   Energies (kJ/mol)
           Bond          Angle       G96AngleRestricted Angles  Improper Dih.
    4.04789e+04    1.65315e+04    9.12307e+03    1.07419e+05    1.94607e+04
        LJ (SR)  Disper. corr.   Coulomb (SR)      Potential Pres. DC (bar)
    3.03597e+07   -1.90322e+03   -9.54078e+02    3.05498e+07    0.00000e+00
 Pressure (bar)   Constr. rmsd
    1.57733e+07    6.95482e-07

           Step           Time
              3        3.00000

   Energies (kJ/mol)
           Bond          Angle       G96AngleRestricted Angles  Improper Dih.
    4.04863e+04    1.65304e+04    9.12332e+03    1.02030e+05    1.93951e+04
        LJ (SR)  Disper. corr.   Coulomb (SR)      Potential Pres. DC (bar)
    1.53903e+07   -1.90322e+03   -1.06495e+03    1.55749e+07    0.00000e+00
 Pressure (bar)   Constr. rmsd
    5.12740e+06    7.27132e-07

           Step           Time
              4        4.00000

   Energies (kJ/mol)
           Bond          Angle       G96AngleRestricted Angles  Improper Dih.
    4.04989e+04    1.65243e+04    9.12470e+03    8.24187e+04    1.93045e+04
        LJ (SR)  Disper. corr.   Coulomb (SR)      Potential Pres. DC (bar)
    7.24813e+06   -1.90322e+03   -1.18408e+03    7.41291e+06    0.00000e+00
 Pressure (bar)   Constr. rmsd
    2.19652e+06    7.55281e-07

           Step           Time
              5        5.00000

   Energies (kJ/mol)
           Bond          Angle       G96AngleRestricted Angles  Improper Dih.
    4.04980e+04    1.65040e+04    9.12685e+03    6.08882e+04    1.92218e+04
        LJ (SR)  Disper. corr.   Coulomb (SR)      Potential Pres. DC (bar)
    2.66461e+06   -1.90322e+03   -1.30239e+03    2.80765e+06    0.00000e+00
 Pressure (bar)   Constr. rmsd
    7.82003e+05    9.12628e-07

           Step           Time
              6        6.00000

   Energies (kJ/mol)
           Bond          Angle       G96AngleRestricted Angles  Improper Dih.
    4.04568e+04    1.64856e+04    9.11799e+03    4.54104e+04    1.91633e+04
        LJ (SR)  Disper. corr.   Coulomb (SR)      Potential Pres. DC (bar)
    8.12685e+05   -1.90322e+03   -1.46380e+03    9.39952e+05    0.00000e+00
 Pressure (bar)   Constr. rmsd
    2.49894e+05    2.20773e-06

           Step           Time
              7        7.00000

   Energies (kJ/mol)
           Bond          Angle       G96AngleRestricted Angles  Improper Dih.
    4.03575e+04    1.65078e+04    9.08640e+03    3.29870e+04    1.89747e+04
        LJ (SR)  Disper. corr.   Coulomb (SR)      Potential Pres. DC (bar)
    2.77517e+05   -1.90322e+03   -1.62047e+03    3.91906e+05    0.00000e+00
 Pressure (bar)   Constr. rmsd
    9.08842e+04    9.45334e-06

           Step           Time
              8        8.00000

   Energies (kJ/mol)
           Bond          Angle       G96AngleRestricted Angles  Improper Dih.
    4.01861e+04    1.64377e+04    9.00176e+03    2.35456e+04    1.86885e+04
        LJ (SR)  Disper. corr.   Coulomb (SR)      Potential Pres. DC (bar)
    1.05946e+05   -1.90322e+03   -1.82137e+03    2.10081e+05    0.00000e+00
 Pressure (bar)   Constr. rmsd
    4.05017e+04    5.35139e-06

           Step           Time
              9        9.00000

   Energies (kJ/mol)
           Bond          Angle       G96AngleRestricted Angles  Improper Dih.
    3.99475e+04    1.62933e+04    8.91032e+03    1.93831e+04    1.82957e+04
        LJ (SR)  Disper. corr.   Coulomb (SR)      Potential Pres. DC (bar)
    6.23062e+04   -1.90322e+03   -1.90406e+03    1.61329e+05    0.00000e+00
 Pressure (bar)   Constr. rmsd
    2.77607e+04    1.01717e-06

           Step           Time
             10       10.00000

   Energies (kJ/mol)
           Bond          Angle       G96AngleRestricted Angles  Improper Dih.
    3.97478e+04    1.61564e+04    8.84365e+03    1.74060e+04    1.80686e+04
        LJ (SR)  Disper. corr.   Coulomb (SR)      Potential Pres. DC (bar)
    4.35668e+04   -1.90322e+03   -1.95530e+03    1.39931e+05    0.00000e+00
 Pressure (bar)   Constr. rmsd
    2.23380e+04    8.74540e-07

           Step           Time
             11       11.00000

   Energies (kJ/mol)
           Bond          Angle       G96AngleRestricted Angles  Improper Dih.
    3.82219e+04    1.49974e+04    8.34874e+03    9.93999e+03    1.69276e+04
        LJ (SR)  Disper. corr.   Coulomb (SR)      Potential Pres. DC (bar)
   -1.65801e+02   -1.90322e+03   -2.26490e+03    8.41017e+04    0.00000e+00
 Pressure (bar)   Constr. rmsd
    9.29871e+03    1.53638e-05

           Step           Time
             12       12.00000

   Energies (kJ/mol)
           Bond          Angle       G96AngleRestricted Angles  Improper Dih.
    3.71705e+04    1.41830e+04    8.08703e+03    8.31642e+03    1.62854e+04
        LJ (SR)  Disper. corr.   Coulomb (SR)      Potential Pres. DC (bar)
   -5.58904e+03   -1.90322e+03   -2.39786e+03    7.41523e+04    0.00000e+00
 Pressure (bar)   Constr. rmsd
    7.68047e+03    1.75453e-06

           Step           Time
             13       13.00000

   Energies (kJ/mol)
           Bond          Angle       G96AngleRestricted Angles  Improper Dih.
    3.11121e+04    9.66652e+03    6.47219e+03    3.53391e+03    1.35763e+04
        LJ (SR)  Disper. corr.   Coulomb (SR)      Potential Pres. DC (bar)
   -1.63017e+04   -1.90322e+03   -3.17686e+03    4.29793e+04    0.00000e+00
 Pressure (bar)   Constr. rmsd
    4.17474e+03    4.01224e-04

           Step           Time
             14       14.00000

   Energies (kJ/mol)
           Bond          Angle       G96AngleRestricted Angles  Improper Dih.
    2.95005e+04    8.74371e+03    6.07288e+03    3.14551e+03    1.27246e+04
        LJ (SR)  Disper. corr.   Coulomb (SR)      Potential Pres. DC (bar)
   -1.73769e+04   -1.90322e+03   -3.44560e+03    3.74614e+04    0.00000e+00
 Pressure (bar)   Constr. rmsd
    3.74042e+03    1.08413e-05

           Step           Time
             15       15.00000

   Energies (kJ/mol)
           Bond          Angle       G96AngleRestricted Angles  Improper Dih.
    2.77389e+04    7.49419e+03    5.57628e+03    2.71188e+03    1.16978e+04
        LJ (SR)  Disper. corr.   Coulomb (SR)      Potential Pres. DC (bar)
   -1.53282e+04   -1.90322e+03   -3.90671e+03    3.40810e+04    0.00000e+00
 Pressure (bar)   Constr. rmsd
    4.17571e+03    3.90784e-05

           Step           Time
             16       16.00000

   Energies (kJ/mol)
           Bond          Angle       G96AngleRestricted Angles  Improper Dih.
    2.75904e+04    7.38695e+03    5.52836e+03    2.67603e+03    1.16104e+04
        LJ (SR)  Disper. corr.   Coulomb (SR)      Potential Pres. DC (bar)
   -1.84854e+04   -1.90322e+03   -3.95708e+03    3.04465e+04    0.00000e+00
 Pressure (bar)   Constr. rmsd
    3.29735e+03    7.50305e-07

           Step           Time
             17       17.00000

   Energies (kJ/mol)
           Bond          Angle       G96AngleRestricted Angles  Improper Dih.
    2.34748e+04    4.60945e+03    3.98171e+03    1.74525e+03    9.25611e+03
        LJ (SR)  Disper. corr.   Coulomb (SR)      Potential Pres. DC (bar)
   -1.44784e+04   -1.90322e+03   -5.84133e+03    2.08443e+04    0.00000e+00
 Pressure (bar)   Constr. rmsd
    5.97761e+03    1.88781e-03

           Step           Time
             18       18.00000

   Energies (kJ/mol)
           Bond          Angle       G96AngleRestricted Angles  Improper Dih.
    2.34179e+04    4.65249e+03    3.97314e+03    1.75171e+03    9.31850e+03
        LJ (SR)  Disper. corr.   Coulomb (SR)      Potential Pres. DC (bar)
   -1.85361e+04   -1.90322e+03   -5.24208e+03    1.74323e+04    0.00000e+00
 Pressure (bar)   Constr. rmsd
    2.90631e+03    1.01632e-03

           Step           Time
             19       19.00000

           Step           Time
             20       20.00000

   Energies (kJ/mol)
           Bond          Angle       G96AngleRestricted Angles  Improper Dih.
    2.32909e+04    4.62989e+03    3.94114e+03    1.73822e+03    9.25101e+03
        LJ (SR)  Disper. corr.   Coulomb (SR)      Potential Pres. DC (bar)
   -2.00412e+04   -1.90322e+03   -5.31274e+03    1.55940e+04    0.00000e+00
 Pressure (bar)   Constr. rmsd
    2.40821e+03    8.02734e-07

           Step           Time
             21       21.00000

   Energies (kJ/mol)
           Bond          Angle       G96AngleRestricted Angles  Improper Dih.
    2.14738e+04    4.35146e+03    3.48489e+03    1.57616e+03    8.34330e+03
        LJ (SR)  Disper. corr.   Coulomb (SR)      Potential Pres. DC (bar)
   -2.08240e+04   -1.90322e+03   -6.04267e+03    1.04597e+04    0.00000e+00
 Pressure (bar)   Constr. rmsd
    1.94147e+03    2.35877e-04

           Step           Time
             22       22.00000

           Step           Time
             23       23.00000

   Energies (kJ/mol)
           Bond          Angle       G96AngleRestricted Angles  Improper Dih.
    1.87411e+04    4.02077e+03    2.86331e+03    1.40187e+03    7.15128e+03
        LJ (SR)  Disper. corr.   Coulomb (SR)      Potential Pres. DC (bar)
   -2.05856e+04   -1.90322e+03   -7.95525e+03    3.73426e+03    0.00000e+00
 Pressure (bar)   Constr. rmsd
    1.85041e+03    1.37653e-04

           Step           Time
             24       24.00000

   Energies (kJ/mol)
           Bond          Angle       G96AngleRestricted Angles  Improper Dih.
    1.81987e+04    3.97616e+03    2.76488e+03    1.38183e+03    6.91953e+03
        LJ (SR)  Disper. corr.   Coulomb (SR)      Potential Pres. DC (bar)
   -2.11421e+04   -1.90322e+03   -7.87339e+03    2.32246e+03    0.00000e+00
 Pressure (bar)   Constr. rmsd
    1.54702e+03    6.04928e-04

           Step           Time
             25       25.00000

           Step           Time
             26       26.00000

   Energies (kJ/mol)
           Bond          Angle       G96AngleRestricted Angles  Improper Dih.
    1.58947e+04    3.84476e+03    2.36427e+03    1.24555e+03    6.14218e+03
        LJ (SR)  Disper. corr.   Coulomb (SR)      Potential Pres. DC (bar)
   -1.90838e+04   -1.90322e+03   -9.45147e+03   -9.47049e+02    0.00000e+00
 Pressure (bar)   Constr. rmsd
    2.64345e+03    5.24790e-05

           Step           Time
             27       27.00000

   Energies (kJ/mol)
           Bond          Angle       G96AngleRestricted Angles  Improper Dih.
    1.58639e+04    3.84568e+03    2.35969e+03    1.24357e+03    6.14917e+03
        LJ (SR)  Disper. corr.   Coulomb (SR)      Potential Pres. DC (bar)
   -2.12269e+04   -1.90322e+03   -9.21161e+03   -2.87967e+03    0.00000e+00
 Pressure (bar)   Constr. rmsd
    1.32851e+03    5.92646e-05

           Step           Time
             28       28.00000

           Step           Time
             29       29.00000

   Energies (kJ/mol)
           Bond          Angle       G96AngleRestricted Angles  Improper Dih.
    1.45743e+04    3.76482e+03    2.17470e+03    1.18173e+03    5.75887e+03
        LJ (SR)  Disper. corr.   Coulomb (SR)      Potential Pres. DC (bar)
   -2.13535e+04   -1.90322e+03   -9.82402e+03   -5.62634e+03    0.00000e+00
 Pressure (bar)   Constr. rmsd
    1.18592e+03    3.87299e-05

           Step           Time
             30       30.00000

   Energies (kJ/mol)
           Bond          Angle       G96AngleRestricted Angles  Improper Dih.
    1.37700e+04    3.75489e+03    2.06642e+03    1.15098e+03    5.56368e+03
        LJ (SR)  Disper. corr.   Coulomb (SR)      Potential Pres. DC (bar)
   -2.14895e+04   -1.90322e+03   -1.02506e+04   -7.33732e+03    0.00000e+00
 Pressure (bar)   Constr. rmsd
    1.05572e+03    2.60013e-05

           Step           Time
             31       31.00000

   Energies (kJ/mol)
           Bond          Angle       G96AngleRestricted Angles  Improper Dih.
    1.17132e+04    3.74457e+03    1.80595e+03    1.06123e+03    5.03221e+03
        LJ (SR)  Disper. corr.   Coulomb (SR)      Potential Pres. DC (bar)
   -2.00984e+04   -1.90322e+03   -1.19561e+04   -1.06007e+04    0.00000e+00
 Pressure (bar)   Constr. rmsd
    1.54468e+03    1.37192e-04

           Step           Time
             32       32.00000

   Energies (kJ/mol)
           Bond          Angle       G96AngleRestricted Angles  Improper Dih.
    1.15949e+04    3.73646e+03    1.79480e+03    1.06746e+03    4.98955e+03
        LJ (SR)  Disper. corr.   Coulomb (SR)      Potential Pres. DC (bar)
   -2.15436e+04   -1.90322e+03   -1.14379e+04   -1.17016e+04    0.00000e+00
 Pressure (bar)   Constr. rmsd
    8.45113e+02    2.25690e-04

           Step           Time
             33       33.00000

   Energies (kJ/mol)
           Bond          Angle       G96AngleRestricted Angles  Improper Dih.
    9.05817e+03    3.77733e+03    1.53779e+03    9.60663e+02    4.45682e+03
        LJ (SR)  Disper. corr.   Coulomb (SR)      Potential Pres. DC (bar)
   -1.92996e+04   -1.90322e+03   -1.38222e+04   -1.52342e+04    0.00000e+00
 Pressure (bar)   Constr. rmsd
    1.77772e+03    2.54016e-04

           Step           Time
             34       34.00000

   Energies (kJ/mol)
           Bond          Angle       G96AngleRestricted Angles  Improper Dih.
    8.98047e+03    3.74536e+03    1.53452e+03    9.59103e+02    4.47449e+03
        LJ (SR)  Disper. corr.   Coulomb (SR)      Potential Pres. DC (bar)
   -2.14793e+04   -1.90322e+03   -1.32055e+04   -1.68941e+04    0.00000e+00
 Pressure (bar)   Constr. rmsd
    6.27864e+02    3.49248e-04

           Step           Time
             35       35.00000

   Energies (kJ/mol)
           Bond          Angle       G96AngleRestricted Angles  Improper Dih.
    7.68651e+03    3.79274e+03    1.45583e+03    9.61646e+02    4.21433e+03
        LJ (SR)  Disper. corr.   Coulomb (SR)      Potential Pres. DC (bar)
   -1.99538e+04   -1.90322e+03   -1.47172e+04   -1.84631e+04    0.00000e+00
 Pressure (bar)   Constr. rmsd
    1.12285e+03    4.46734e-04

           Step           Time
             36       36.00000

           Step           Time
             37       37.00000

   Energies (kJ/mol)
           Bond          Angle       G96AngleRestricted Angles  Improper Dih.
    7.64431e+03    3.79799e+03    1.44155e+03    9.31624e+02    4.20919e+03
        LJ (SR)  Disper. corr.   Coulomb (SR)      Potential Pres. DC (bar)
   -2.14939e+04   -1.90322e+03   -1.43590e+04   -1.97314e+04    0.00000e+00
 Pressure (bar)   Constr. rmsd
    5.07524e+02    2.33147e-04

           Step           Time
             38       38.00000

   Energies (kJ/mol)
           Bond          Angle       G96AngleRestricted Angles  Improper Dih.
    7.23994e+03    3.77688e+03    1.43456e+03    9.51974e+02    4.13769e+03
        LJ (SR)  Disper. corr.   Coulomb (SR)      Potential Pres. DC (bar)
   -2.15497e+04   -1.90322e+03   -1.48881e+04   -2.08000e+04    0.00000e+00
 Pressure (bar)   Constr. rmsd
    4.37246e+02    8.99431e-05

           Step           Time
             39       39.00000

   Energies (kJ/mol)
           Bond          Angle       G96AngleRestricted Angles  Improper Dih.
    6.76455e+03    3.80798e+03    1.38225e+03    8.93944e+02    4.09395e+03
        LJ (SR)  Disper. corr.   Coulomb (SR)      Potential Pres. DC (bar)
   -2.15340e+04   -1.90322e+03   -1.55333e+04   -2.20278e+04    0.00000e+00
 Pressure (bar)   Constr. rmsd
    3.56216e+02    1.01445e-04

           Step           Time
             40       40.00000

   Energies (kJ/mol)
           Bond          Angle       G96AngleRestricted Angles  Improper Dih.
    6.22626e+03    3.82713e+03    1.33315e+03    8.72280e+02    4.01367e+03
        LJ (SR)  Disper. corr.   Coulomb (SR)      Potential Pres. DC (bar)
   -2.16892e+04   -1.90322e+03   -1.56922e+04   -2.30121e+04    0.00000e+00
 Pressure (bar)   Constr. rmsd
    2.71438e+02    1.14923e-05

           Step           Time
             41       41.00000

           Step           Time
             42       42.00000

   Energies (kJ/mol)
           Bond          Angle       G96AngleRestricted Angles  Improper Dih.
    5.72033e+03    3.80275e+03    1.30090e+03    8.83960e+02    3.94059e+03
        LJ (SR)  Disper. corr.   Coulomb (SR)      Potential Pres. DC (bar)
   -2.09094e+04   -1.90322e+03   -1.62983e+04   -2.34623e+04    0.00000e+00
 Pressure (bar)   Constr. rmsd
    4.84560e+02    1.05901e-04

           Step           Time
             43       43.00000

   Energies (kJ/mol)
           Bond          Angle       G96AngleRestricted Angles  Improper Dih.
    5.68323e+03    3.81878e+03    1.29078e+03    8.64226e+02    3.90312e+03
        LJ (SR)  Disper. corr.   Coulomb (SR)      Potential Pres. DC (bar)
   -2.16228e+04   -1.90322e+03   -1.61675e+04   -2.41333e+04    0.00000e+00
 Pressure (bar)   Constr. rmsd
    2.15689e+02    4.28190e-04

           Step           Time
             44       44.00000

   Energies (kJ/mol)
           Bond          Angle       G96AngleRestricted Angles  Improper Dih.
    5.45785e+03    3.83350e+03    1.27460e+03    8.55677e+02    3.87326e+03
        LJ (SR)  Disper. corr.   Coulomb (SR)      Potential Pres. DC (bar)
   -2.18053e+04   -1.90322e+03   -1.65213e+04   -2.49350e+04    0.00000e+00
 Pressure (bar)   Constr. rmsd
    1.32947e+02    1.19684e-06

           Step           Time
             45       45.00000

           Step           Time
             46       46.00000

   Energies (kJ/mol)
           Bond          Angle       G96AngleRestricted Angles  Improper Dih.
    4.33828e+03    3.92588e+03    1.19225e+03    8.44140e+02    3.72161e+03
        LJ (SR)  Disper. corr.   Coulomb (SR)      Potential Pres. DC (bar)
   -1.91902e+04   -1.90322e+03   -1.84461e+04   -2.55173e+04    0.00000e+00
 Pressure (bar)   Constr. rmsd
    1.04665e+03    1.49624e-04

           Step           Time
             47       47.00000

   Energies (kJ/mol)
           Bond          Angle       G96AngleRestricted Angles  Improper Dih.
    4.33057e+03    3.91905e+03    1.18557e+03    8.52266e+02    3.68084e+03
        LJ (SR)  Disper. corr.   Coulomb (SR)      Potential Pres. DC (bar)
   -2.15396e+04   -1.90322e+03   -1.80021e+04   -2.74767e+04    0.00000e+00
 Pressure (bar)   Constr. rmsd
    8.71227e+01    3.01990e-04

           Step           Time
             48       48.00000

           Step           Time
             49       49.00000

   Energies (kJ/mol)
           Bond          Angle       G96AngleRestricted Angles  Improper Dih.
    4.11026e+03    3.86282e+03    1.14753e+03    8.30797e+02    3.64152e+03
        LJ (SR)  Disper. corr.   Coulomb (SR)      Potential Pres. DC (bar)
   -2.19037e+04   -1.90322e+03   -1.77808e+04   -2.79948e+04    0.00000e+00
 Pressure (bar)   Constr. rmsd
   -7.36383e+01    2.69648e-05

           Step           Time
             50       50.00000

   Energies (kJ/mol)
           Bond          Angle       G96AngleRestricted Angles  Improper Dih.
    3.95210e+03    3.87838e+03    1.13376e+03    8.23516e+02    3.61012e+03
        LJ (SR)  Disper. corr.   Coulomb (SR)      Potential Pres. DC (bar)
   -2.16952e+04   -1.90322e+03   -1.81875e+04   -2.83880e+04    0.00000e+00
 Pressure (bar)   Constr. rmsd
   -4.73153e+01    1.51905e-04

           Step           Time
             51       51.00000

   Energies (kJ/mol)
           Bond          Angle       G96AngleRestricted Angles  Improper Dih.
    3.89749e+03    3.85291e+03    1.13058e+03    8.25823e+02    3.61446e+03
        LJ (SR)  Disper. corr.   Coulomb (SR)      Potential Pres. DC (bar)
   -2.20180e+04   -1.90322e+03   -1.81571e+04   -2.87571e+04    0.00000e+00
 Pressure (bar)   Constr. rmsd
   -1.51603e+02    7.72131e-05

           Step           Time
             52       52.00000

           Step           Time
             53       53.00000

   Energies (kJ/mol)
           Bond          Angle       G96AngleRestricted Angles  Improper Dih.
    3.47586e+03    3.85834e+03    1.09482e+03    8.05241e+02    3.57167e+03
        LJ (SR)  Disper. corr.   Coulomb (SR)      Potential Pres. DC (bar)
   -2.07971e+04   -1.90322e+03   -1.93206e+04   -2.92149e+04    0.00000e+00
 Pressure (bar)   Constr. rmsd
    1.75985e+02    5.39870e-05

           Step           Time
             54       54.00000

   Energies (kJ/mol)
           Bond          Angle       G96AngleRestricted Angles  Improper Dih.
    3.46185e+03    3.85894e+03    1.09222e+03    8.03759e+02    3.56867e+03
        LJ (SR)  Disper. corr.   Coulomb (SR)      Potential Pres. DC (bar)
   -2.18474e+04   -1.90322e+03   -1.90039e+04   -2.99691e+04    0.00000e+00
 Pressure (bar)   Constr. rmsd
   -1.47823e+02    1.74527e-06

           Step           Time
             55       55.00000

           Step           Time
             56       56.00000

   Energies (kJ/mol)
           Bond          Angle       G96AngleRestricted Angles  Improper Dih.
    3.27017e+03    3.86855e+03    1.06128e+03    7.94791e+02    3.53265e+03
        LJ (SR)  Disper. corr.   Coulomb (SR)      Potential Pres. DC (bar)
   -2.20381e+04   -1.90322e+03   -1.90606e+04   -3.04745e+04    0.00000e+00
 Pressure (bar)   Constr. rmsd
   -2.35621e+02    1.30667e-05

           Step           Time
             57       57.00000

   Energies (kJ/mol)
           Bond          Angle       G96AngleRestricted Angles  Improper Dih.
    3.17022e+03    3.84715e+03    1.05153e+03    7.96353e+02    3.51914e+03
        LJ (SR)  Disper. corr.   Coulomb (SR)      Potential Pres. DC (bar)
   -2.20640e+04   -1.90322e+03   -1.93209e+04   -3.09037e+04    0.00000e+00
 Pressure (bar)   Constr. rmsd
   -2.73027e+02    1.69013e-05

           Step           Time
             58       58.00000

   Energies (kJ/mol)
           Bond          Angle       G96AngleRestricted Angles  Improper Dih.
    2.89485e+03    3.87620e+03    1.01934e+03    7.86966e+02    3.48709e+03
        LJ (SR)  Disper. corr.   Coulomb (SR)      Potential Pres. DC (bar)
   -2.15344e+04   -1.90322e+03   -2.00092e+04   -3.13823e+04    0.00000e+00
 Pressure (bar)   Constr. rmsd
   -1.39538e+02    3.37731e-05

           Step           Time
             59       59.00000

   Energies (kJ/mol)
           Bond          Angle       G96AngleRestricted Angles  Improper Dih.
    2.86623e+03    3.86345e+03    1.01549e+03    7.86007e+02    3.47874e+03
        LJ (SR)  Disper. corr.   Coulomb (SR)      Potential Pres. DC (bar)
   -2.21286e+04   -1.90322e+03   -1.97636e+04   -3.17854e+04    0.00000e+00
 Pressure (bar)   Constr. rmsd
   -3.45780e+02    1.81530e-05

           Step           Time
             60       60.00000

           Step           Time
             61       61.00000

   Energies (kJ/mol)
           Bond          Angle       G96AngleRestricted Angles  Improper Dih.
    2.72573e+03    3.82154e+03    9.93130e+02    7.77001e+02    3.44664e+03
        LJ (SR)  Disper. corr.   Coulomb (SR)      Potential Pres. DC (bar)
   -2.18350e+04   -1.90322e+03   -2.02777e+04   -3.22519e+04    0.00000e+00
 Pressure (bar)   Constr. rmsd
   -2.39591e+02    1.62882e-05

           Step           Time
             62       62.00000

   Energies (kJ/mol)
           Bond          Angle       G96AngleRestricted Angles  Improper Dih.
    2.67665e+03    3.81971e+03    9.84715e+02    7.74194e+02    3.42828e+03
        LJ (SR)  Disper. corr.   Coulomb (SR)      Potential Pres. DC (bar)
   -2.22095e+04   -1.90322e+03   -2.00141e+04   -3.24434e+04    0.00000e+00
 Pressure (bar)   Constr. rmsd
   -4.06142e+02    2.21243e-05

           Step           Time
             63       63.00000

   Energies (kJ/mol)
           Bond          Angle       G96AngleRestricted Angles  Improper Dih.
    2.47879e+03    3.81003e+03    9.58729e+02    7.66245e+02    3.40205e+03
        LJ (SR)  Disper. corr.   Coulomb (SR)      Potential Pres. DC (bar)
   -2.12875e+04   -1.90322e+03   -2.09198e+04   -3.26947e+04    0.00000e+00
 Pressure (bar)   Constr. rmsd
   -8.13930e+01    5.21192e-05

           Step           Time
             64       64.00000

   Energies (kJ/mol)
           Bond          Angle       G96AngleRestricted Angles  Improper Dih.
    2.46003e+03    3.80175e+03    9.54031e+02    7.63091e+02    3.38931e+03
        LJ (SR)  Disper. corr.   Coulomb (SR)      Potential Pres. DC (bar)
   -2.22264e+04   -1.90322e+03   -2.04194e+04   -3.31808e+04    0.00000e+00
 Pressure (bar)   Constr. rmsd
   -4.42053e+02    1.35101e-05

           Step           Time
             65       65.00000

           Step           Time
             66       66.00000

   Energies (kJ/mol)
           Bond          Angle       G96AngleRestricted Angles  Improper Dih.
    2.30859e+03    3.78477e+03    9.34636e+02    7.57897e+02    3.36996e+03
        LJ (SR)  Disper. corr.   Coulomb (SR)      Potential Pres. DC (bar)
   -2.17265e+04   -1.90322e+03   -2.10317e+04   -3.35056e+04    0.00000e+00
 Pressure (bar)   Constr. rmsd
   -2.25368e+02    1.34577e-05

           Step           Time
             67       67.00000

   Energies (kJ/mol)
           Bond          Angle       G96AngleRestricted Angles  Improper Dih.
    2.29704e+03    3.77938e+03    9.30793e+02    7.55742e+02    3.35660e+03
        LJ (SR)  Disper. corr.   Coulomb (SR)      Potential Pres. DC (bar)
   -2.22454e+04   -1.90322e+03   -2.08123e+04   -3.38414e+04    0.00000e+00
 Pressure (bar)   Constr. rmsd
   -4.80234e+02    2.57898e-06

           Step           Time
             68       68.00000

           Step           Time
             69       69.00000

   Energies (kJ/mol)
           Bond          Angle       G96AngleRestricted Angles  Improper Dih.
    2.21035e+03    3.76785e+03    9.19076e+02    7.50461e+02    3.34353e+03
        LJ (SR)  Disper. corr.   Coulomb (SR)      Potential Pres. DC (bar)
   -2.21775e+04   -1.90322e+03   -2.11206e+04   -3.42101e+04    0.00000e+00
 Pressure (bar)   Constr. rmsd
   -4.61918e+02    1.16910e-06

           Step           Time
             70       70.00000

   Energies (kJ/mol)
           Bond          Angle       G96AngleRestricted Angles  Improper Dih.
    2.10982e+03    3.75661e+03    9.04913e+02    7.44885e+02    3.32981e+03
        LJ (SR)  Disper. corr.   Coulomb (SR)      Potential Pres. DC (bar)
   -2.21305e+04   -1.90322e+03   -2.12198e+04   -3.44074e+04    0.00000e+00
 Pressure (bar)   Constr. rmsd
   -4.84931e+02    7.49399e-06

           Step           Time
             71       71.00000

   Energies (kJ/mol)
           Bond          Angle       G96AngleRestricted Angles  Improper Dih.
    2.08073e+03    3.73298e+03    8.97608e+02    7.39553e+02    3.30604e+03
        LJ (SR)  Disper. corr.   Coulomb (SR)      Potential Pres. DC (bar)
   -2.23157e+04   -1.90322e+03   -2.12075e+04   -3.46695e+04    0.00000e+00
 Pressure (bar)   Constr. rmsd
   -5.28777e+02    2.35502e-05

           Step           Time
             72       72.00000

   Energies (kJ/mol)
           Bond          Angle       G96AngleRestricted Angles  Improper Dih.
    2.03766e+03    3.74067e+03    8.93569e+02    7.38893e+02    3.31553e+03
        LJ (SR)  Disper. corr.   Coulomb (SR)      Potential Pres. DC (bar)
   -2.23148e+04   -1.90322e+03   -2.14156e+04   -3.49073e+04    0.00000e+00
 Pressure (bar)   Constr. rmsd
   -5.41861e+02    4.14825e-05

           Step           Time
             73       73.00000

   Energies (kJ/mol)
           Bond          Angle       G96AngleRestricted Angles  Improper Dih.
    1.96217e+03    3.71642e+03    8.77536e+02    7.26132e+02    3.27741e+03
        LJ (SR)  Disper. corr.   Coulomb (SR)      Potential Pres. DC (bar)
   -2.22341e+04   -1.90322e+03   -2.16623e+04   -3.52399e+04    0.00000e+00
 Pressure (bar)   Constr. rmsd
   -5.27062e+02    7.57080e-05

           Step           Time
             74       74.00000

   Energies (kJ/mol)
           Bond          Angle       G96AngleRestricted Angles  Improper Dih.
    1.90949e+03    3.71453e+03    8.72187e+02    7.25477e+02    3.28526e+03
        LJ (SR)  Disper. corr.   Coulomb (SR)      Potential Pres. DC (bar)
   -2.23670e+04   -1.90322e+03   -2.17098e+04   -3.54730e+04    0.00000e+00
 Pressure (bar)   Constr. rmsd
   -5.77283e+02    1.29358e-04

           Step           Time
             75       75.00000

           Step           Time
             76       76.00000

   Energies (kJ/mol)
           Bond          Angle       G96AngleRestricted Angles  Improper Dih.
    1.81285e+03    3.69061e+03    8.55639e+02    7.14187e+02    3.24970e+03
        LJ (SR)  Disper. corr.   Coulomb (SR)      Potential Pres. DC (bar)
   -2.21200e+04   -1.90322e+03   -2.20850e+04   -3.57853e+04    0.00000e+00
 Pressure (bar)   Constr. rmsd
   -4.81246e+02    1.48593e-05

           Step           Time
             77       77.00000

   Energies (kJ/mol)
           Bond          Angle       G96AngleRestricted Angles  Improper Dih.
    1.80518e+03    3.68873e+03    8.53093e+02    7.13386e+02    3.23981e+03
        LJ (SR)  Disper. corr.   Coulomb (SR)      Potential Pres. DC (bar)
   -2.24843e+04   -1.90322e+03   -2.19188e+04   -3.60061e+04    0.00000e+00
 Pressure (bar)   Constr. rmsd
   -6.25542e+02    2.26465e-06

           Step           Time
             78       78.00000

           Step           Time
             79       79.00000

   Energies (kJ/mol)
           Bond          Angle       G96AngleRestricted Angles  Improper Dih.
    1.75422e+03    3.67873e+03    8.43659e+02    7.07247e+02    3.23344e+03
        LJ (SR)  Disper. corr.   Coulomb (SR)      Potential Pres. DC (bar)
   -2.23825e+04   -1.90322e+03   -2.22617e+04   -3.63301e+04    0.00000e+00
 Pressure (bar)   Constr. rmsd
   -6.12713e+02    1.55550e-06

           Step           Time
             80       80.00000

   Energies (kJ/mol)
           Bond          Angle       G96AngleRestricted Angles  Improper Dih.
    1.71612e+03    3.65847e+03    8.34557e+02    7.02454e+02    3.21053e+03
        LJ (SR)  Disper. corr.   Coulomb (SR)      Potential Pres. DC (bar)
   -2.24971e+04   -1.90322e+03   -2.22217e+04   -3.64999e+04    0.00000e+00
 Pressure (bar)   Constr. rmsd
   -6.38818e+02    4.34676e-06

           Step           Time
             81       81.00000

           Step           Time
             82       82.00000

   Energies (kJ/mol)
           Bond          Angle       G96AngleRestricted Angles  Improper Dih.
    1.68255e+03    3.65919e+03    8.28959e+02    6.98515e+02    3.20973e+03
        LJ (SR)  Disper. corr.   Coulomb (SR)      Potential Pres. DC (bar)
   -2.25272e+04   -1.90322e+03   -2.24090e+04   -3.67605e+04    0.00000e+00
 Pressure (bar)   Constr. rmsd
   -6.67583e+02    4.05749e-06

           Step           Time
             83       83.00000

   Energies (kJ/mol)
           Bond          Angle       G96AngleRestricted Angles  Improper Dih.
    1.65202e+03    3.64028e+03    8.22404e+02    6.96094e+02    3.19078e+03
        LJ (SR)  Disper. corr.   Coulomb (SR)      Potential Pres. DC (bar)
   -2.24650e+04   -1.90322e+03   -2.25951e+04   -3.69617e+04    0.00000e+00
 Pressure (bar)   Constr. rmsd
   -6.44871e+02    5.84779e-06

           Step           Time
             84       84.00000

   Energies (kJ/mol)
           Bond          Angle       G96AngleRestricted Angles  Improper Dih.
    1.60096e+03    3.64028e+03    8.13534e+02    6.90681e+02    3.19105e+03
        LJ (SR)  Disper. corr.   Coulomb (SR)      Potential Pres. DC (bar)
   -2.23658e+04   -1.90322e+03   -2.27590e+04   -3.70915e+04    0.00000e+00
 Pressure (bar)   Constr. rmsd
   -6.20750e+02    1.09232e-05

           Step           Time
             85       85.00000

   Energies (kJ/mol)
           Bond          Angle       G96AngleRestricted Angles  Improper Dih.
    1.59476e+03    3.62746e+03    8.11057e+02    6.88978e+02    3.17914e+03
        LJ (SR)  Disper. corr.   Coulomb (SR)      Potential Pres. DC (bar)
   -2.25976e+04   -1.90322e+03   -2.26729e+04   -3.72723e+04    0.00000e+00
 Pressure (bar)   Constr. rmsd
   -7.06138e+02    1.13746e-05

           Step           Time
             86       86.00000

           Step           Time
             87       87.00000

   Energies (kJ/mol)
           Bond          Angle       G96AngleRestricted Angles  Improper Dih.
    1.56583e+03    3.62141e+03    8.06184e+02    6.87932e+02    3.17641e+03
        LJ (SR)  Disper. corr.   Coulomb (SR)      Potential Pres. DC (bar)
   -2.24750e+04   -1.90322e+03   -2.29653e+04   -3.74857e+04    0.00000e+00
 Pressure (bar)   Constr. rmsd
   -6.65742e+02    2.77014e-06

           Step           Time
             88       88.00000

   Energies (kJ/mol)
           Bond          Angle       G96AngleRestricted Angles  Improper Dih.
    1.50868e+03    3.59443e+03    7.91968e+02    6.77814e+02    3.15744e+03
        LJ (SR)  Disper. corr.   Coulomb (SR)      Potential Pres. DC (bar)
   -2.25954e+04   -1.90322e+03   -2.29340e+04   -3.77023e+04    0.00000e+00
 Pressure (bar)   Constr. rmsd
   -7.15977e+02    5.28421e-06

           Step           Time
             89       89.00000

   Energies (kJ/mol)
           Bond          Angle       G96AngleRestricted Angles  Improper Dih.
    1.47244e+03    3.58953e+03    7.86268e+02    6.74374e+02    3.15959e+03
        LJ (SR)  Disper. corr.   Coulomb (SR)      Potential Pres. DC (bar)
   -2.23032e+04   -1.90322e+03   -2.33329e+04   -3.78571e+04    0.00000e+00
 Pressure (bar)   Constr. rmsd
   -6.21288e+02    7.53525e-06

           Step           Time
             90       90.00000

   Energies (kJ/mol)
           Bond          Angle       G96AngleRestricted Angles  Improper Dih.
    1.46016e+03    3.57793e+03    7.80973e+02    6.69310e+02    3.14116e+03
        LJ (SR)  Disper. corr.   Coulomb (SR)      Potential Pres. DC (bar)
   -2.26588e+04   -1.90322e+03   -2.30493e+04   -3.79818e+04    0.00000e+00
 Pressure (bar)   Constr. rmsd
   -7.40713e+02    1.32973e-05

           Step           Time
             91       91.00000

   Energies (kJ/mol)
           Bond          Angle       G96AngleRestricted Angles  Improper Dih.
    1.41651e+03    3.56627e+03    7.72736e+02    6.63403e+02    3.14440e+03
        LJ (SR)  Disper. corr.   Coulomb (SR)      Potential Pres. DC (bar)
   -2.21701e+04   -1.90322e+03   -2.35859e+04   -3.80959e+04    0.00000e+00
 Pressure (bar)   Constr. rmsd
   -5.62902e+02    2.58979e-05

           Step           Time
             92       92.00000

   Energies (kJ/mol)
           Bond          Angle       G96AngleRestricted Angles  Improper Dih.
    1.41076e+03    3.55625e+03    7.69036e+02    6.59837e+02    3.12858e+03
        LJ (SR)  Disper. corr.   Coulomb (SR)      Potential Pres. DC (bar)
   -2.26050e+04   -1.90322e+03   -2.32779e+04   -3.82616e+04    0.00000e+00
 Pressure (bar)   Constr. rmsd
   -7.26699e+02    3.74258e-05

           Step           Time
             93       93.00000

           Step           Time
             94       94.00000

   Energies (kJ/mol)
           Bond          Angle       G96AngleRestricted Angles  Improper Dih.
    1.37940e+03    3.54819e+03    7.62230e+02    6.53893e+02    3.12986e+03
        LJ (SR)  Disper. corr.   Coulomb (SR)      Potential Pres. DC (bar)
   -2.25432e+04   -1.90322e+03   -2.34943e+04   -3.84671e+04    0.00000e+00
 Pressure (bar)   Constr. rmsd
   -7.16251e+02    9.52753e-06

           Step           Time
             95       95.00000

   Energies (kJ/mol)
           Bond          Angle       G96AngleRestricted Angles  Improper Dih.
    1.36488e+03    3.53974e+03    7.57709e+02    6.51372e+02    3.11830e+03
        LJ (SR)  Disper. corr.   Coulomb (SR)      Potential Pres. DC (bar)
   -2.26374e+04   -1.90322e+03   -2.34198e+04   -3.85284e+04    0.00000e+00
 Pressure (bar)   Constr. rmsd
   -7.45208e+02    1.64532e-06

           Step           Time
             96       96.00000

   Energies (kJ/mol)
           Bond          Angle       G96AngleRestricted Angles  Improper Dih.
    1.31570e+03    3.52200e+03    7.45148e+02    6.41022e+02    3.11272e+03
        LJ (SR)  Disper. corr.   Coulomb (SR)      Potential Pres. DC (bar)
   -2.23383e+04   -1.90322e+03   -2.37084e+04   -3.86134e+04    0.00000e+00
 Pressure (bar)   Constr. rmsd
   -6.58129e+02    1.78739e-06

           Step           Time
             97       97.00000

   Energies (kJ/mol)
           Bond          Angle       G96AngleRestricted Angles  Improper Dih.
    1.31103e+03    3.51421e+03    7.42556e+02    6.40279e+02    3.09951e+03
        LJ (SR)  Disper. corr.   Coulomb (SR)      Potential Pres. DC (bar)
   -2.27019e+04   -1.90322e+03   -2.34778e+04   -3.87754e+04    0.00000e+00
 Pressure (bar)   Constr. rmsd
   -7.73231e+02    7.41148e-06

           Step           Time
             98       98.00000

           Step           Time
             99       99.00000

   Energies (kJ/mol)
           Bond          Angle       G96AngleRestricted Angles  Improper Dih.
    1.27887e+03    3.49982e+03    7.34238e+02    6.33875e+02    3.09392e+03
        LJ (SR)  Disper. corr.   Coulomb (SR)      Potential Pres. DC (bar)
   -2.26534e+04   -1.90322e+03   -2.37251e+04   -3.90410e+04    0.00000e+00
 Pressure (bar)   Constr. rmsd
   -7.58646e+02    1.93711e-06

           Step           Time
            100      100.00000

   Energies (kJ/mol)
           Bond          Angle       G96AngleRestricted Angles  Improper Dih.
    1.24836e+03    3.47894e+03    7.22770e+02    6.24639e+02    3.07815e+03
        LJ (SR)  Disper. corr.   Coulomb (SR)      Potential Pres. DC (bar)
   -2.26965e+04   -1.90322e+03   -2.36803e+04   -3.91272e+04    0.00000e+00
 Pressure (bar)   Constr. rmsd
   -7.81377e+02    1.83095e-05

           Step           Time
            101      101.00000

   Energies (kJ/mol)
           Bond          Angle       G96AngleRestricted Angles  Improper Dih.
    1.22612e+03    3.46724e+03    7.17502e+02    6.24853e+02    3.07104e+03
        LJ (SR)  Disper. corr.   Coulomb (SR)      Potential Pres. DC (bar)
   -2.26590e+04   -1.90322e+03   -2.37752e+04   -3.92306e+04    0.00000e+00
 Pressure (bar)   Constr. rmsd
   -7.61037e+02    1.58787e-05

           Step           Time
            102      102.00000

           Step           Time
            103      103.00000

   Energies (kJ/mol)
           Bond          Angle       G96AngleRestricted Angles  Improper Dih.
    1.21528e+03    3.46172e+03    7.12254e+02    6.18397e+02    3.06156e+03
        LJ (SR)  Disper. corr.   Coulomb (SR)      Potential Pres. DC (bar)
   -2.28130e+04   -1.90322e+03   -2.37324e+04   -3.93794e+04    0.00000e+00
 Pressure (bar)   Constr. rmsd
   -8.23213e+02    8.17765e-06

           Step           Time
            104      104.00000

   Energies (kJ/mol)
           Bond          Angle       G96AngleRestricted Angles  Improper Dih.
    1.19521e+03    3.45436e+03    7.07643e+02    6.17593e+02    3.06884e+03
        LJ (SR)  Disper. corr.   Coulomb (SR)      Potential Pres. DC (bar)
   -2.26682e+04   -1.90322e+03   -2.39647e+04   -3.94925e+04    0.00000e+00
 Pressure (bar)   Constr. rmsd
   -7.80734e+02    1.34778e-05

           Step           Time
            105      105.00000

   Energies (kJ/mol)
           Bond          Angle       G96AngleRestricted Angles  Improper Dih.
    1.18648e+03    3.44052e+03    7.01590e+02    6.11598e+02    3.05074e+03
        LJ (SR)  Disper. corr.   Coulomb (SR)      Potential Pres. DC (bar)
   -2.27948e+04   -1.90322e+03   -2.38700e+04   -3.95771e+04    0.00000e+00
 Pressure (bar)   Constr. rmsd
   -8.19118e+02    2.24828e-05

           Step           Time
            106      106.00000

   Energies (kJ/mol)
           Bond          Angle       G96AngleRestricted Angles  Improper Dih.
    1.16447e+03    3.43697e+03    6.96928e+02    6.11424e+02    3.06041e+03
        LJ (SR)  Disper. corr.   Coulomb (SR)      Potential Pres. DC (bar)
   -2.26906e+04   -1.90322e+03   -2.40469e+04   -3.96705e+04    0.00000e+00
 Pressure (bar)   Constr. rmsd
   -7.91697e+02    4.26861e-05

           Step           Time
            107      107.00000

   Energies (kJ/mol)
           Bond          Angle       G96AngleRestricted Angles  Improper Dih.
    1.15479e+03    3.42044e+03    6.89477e+02    6.03179e+02    3.03166e+03
        LJ (SR)  Disper. corr.   Coulomb (SR)      Potential Pres. DC (bar)
   -2.28305e+04   -1.90322e+03   -2.39355e+04   -3.97697e+04    0.00000e+00
 Pressure (bar)   Constr. rmsd
   -8.28917e+02    6.99550e-05

           Step           Time
            108      108.00000

           Step           Time
            109      109.00000

   Energies (kJ/mol)
           Bond          Angle       G96AngleRestricted Angles  Improper Dih.
    1.12845e+03    3.41156e+03    6.82680e+02    6.03079e+02    3.03582e+03
        LJ (SR)  Disper. corr.   Coulomb (SR)      Potential Pres. DC (bar)
   -2.25931e+04   -1.90322e+03   -2.41587e+04   -3.97934e+04    0.00000e+00
 Pressure (bar)   Constr. rmsd
   -7.40875e+02    1.76454e-05

           Step           Time
            110      110.00000

   Energies (kJ/mol)
           Bond          Angle       G96AngleRestricted Angles  Improper Dih.
    1.12472e+03    3.40364e+03    6.79427e+02    5.98971e+02    3.02752e+03
        LJ (SR)  Disper. corr.   Coulomb (SR)      Potential Pres. DC (bar)
   -2.29651e+04   -1.90322e+03   -2.39341e+04   -3.99681e+04    0.00000e+00
 Pressure (bar)   Constr. rmsd
   -8.86169e+02    1.92895e-05

           Step           Time
            111      111.00000

           Step           Time
            112      112.00000

   Energies (kJ/mol)
           Bond          Angle       G96AngleRestricted Angles  Improper Dih.
    1.10882e+03    3.39811e+03    6.74456e+02    5.96176e+02    3.02288e+03
        LJ (SR)  Disper. corr.   Coulomb (SR)      Potential Pres. DC (bar)
   -2.28332e+04   -1.90322e+03   -2.42246e+04   -4.01606e+04    0.00000e+00
 Pressure (bar)   Constr. rmsd
   -8.42141e+02    4.65804e-06

           Step           Time
            113      113.00000

   Energies (kJ/mol)
           Bond          Angle       G96AngleRestricted Angles  Improper Dih.
    1.09334e+03    3.38055e+03    6.67897e+02    5.92607e+02    3.01003e+03
        LJ (SR)  Disper. corr.   Coulomb (SR)      Potential Pres. DC (bar)
   -2.29867e+04   -1.90322e+03   -2.40756e+04   -4.02211e+04    0.00000e+00
 Pressure (bar)   Constr. rmsd
   -8.94491e+02    3.19469e-06

           Step           Time
            114      114.00000

           Step           Time
            115      115.00000

   Energies (kJ/mol)
           Bond          Angle       G96AngleRestricted Angles  Improper Dih.
    1.08209e+03    3.37949e+03    6.64263e+02    5.90039e+02    3.00774e+03
        LJ (SR)  Disper. corr.   Coulomb (SR)      Potential Pres. DC (bar)
   -2.29635e+04   -1.90322e+03   -2.42467e+04   -4.03898e+04    0.00000e+00
 Pressure (bar)   Constr. rmsd
   -8.93202e+02    2.74693e-06

           Step           Time
            116      116.00000

   Energies (kJ/mol)
           Bond          Angle       G96AngleRestricted Angles  Improper Dih.
    1.06670e+03    3.36180e+03    6.58464e+02    5.87284e+02    2.99971e+03
        LJ (SR)  Disper. corr.   Coulomb (SR)      Potential Pres. DC (bar)
   -2.28948e+04   -1.90322e+03   -2.43717e+04   -4.04958e+04    0.00000e+00
 Pressure (bar)   Constr. rmsd
   -8.63049e+02    4.50416e-06

           Step           Time
            117      117.00000

   Energies (kJ/mol)
           Bond          Angle       G96AngleRestricted Angles  Improper Dih.
    1.05820e+03    3.35938e+03    6.55272e+02    5.85214e+02    2.99280e+03
        LJ (SR)  Disper. corr.   Coulomb (SR)      Potential Pres. DC (bar)
   -2.30304e+04   -1.90322e+03   -2.42971e+04   -4.05799e+04    0.00000e+00
 Pressure (bar)   Constr. rmsd
   -9.14036e+02    2.09934e-06

           Step           Time
            118      118.00000

   Energies (kJ/mol)
           Bond          Angle       G96AngleRestricted Angles  Improper Dih.
    1.03808e+03    3.34592e+03    6.48802e+02    5.82204e+02    2.99237e+03
        LJ (SR)  Disper. corr.   Coulomb (SR)      Potential Pres. DC (bar)
   -2.27593e+04   -1.90322e+03   -2.45892e+04   -4.06444e+04    0.00000e+00
 Pressure (bar)   Constr. rmsd
   -8.26997e+02    3.01253e-06

           Step           Time
            119      119.00000

   Energies (kJ/mol)
           Bond          Angle       G96AngleRestricted Angles  Improper Dih.
    1.03570e+03    3.34026e+03    6.46977e+02    5.81103e+02    2.98134e+03
        LJ (SR)  Disper. corr.   Coulomb (SR)      Potential Pres. DC (bar)
   -2.30472e+04   -1.90322e+03   -2.44148e+04   -4.07799e+04    0.00000e+00
 Pressure (bar)   Constr. rmsd
   -9.17134e+02    1.36369e-05

           Step           Time
            120      120.00000

           Step           Time
            121      121.00000

   Energies (kJ/mol)
           Bond          Angle       G96AngleRestricted Angles  Improper Dih.
    1.02390e+03    3.33438e+03    6.43495e+02    5.79198e+02    2.98239e+03
        LJ (SR)  Disper. corr.   Coulomb (SR)      Potential Pres. DC (bar)
   -2.30030e+04   -1.90322e+03   -2.45817e+04   -4.09246e+04    0.00000e+00
 Pressure (bar)   Constr. rmsd
   -9.09457e+02    3.23533e-06

           Step           Time
            122      122.00000

   Energies (kJ/mol)
           Bond          Angle       G96AngleRestricted Angles  Improper Dih.
    1.00475e+03    3.31445e+03    6.35198e+02    5.75655e+02    2.96265e+03
        LJ (SR)  Disper. corr.   Coulomb (SR)      Potential Pres. DC (bar)
   -2.30848e+04   -1.90322e+03   -2.45537e+04   -4.10491e+04    0.00000e+00
 Pressure (bar)   Constr. rmsd
   -9.30725e+02    1.15833e-06

           Step           Time
            123      123.00000

           Step           Time
            124      124.00000

   Energies (kJ/mol)
           Bond          Angle       G96AngleRestricted Angles  Improper Dih.
    9.95028e+02    3.30885e+03    6.32049e+02    5.72574e+02    2.96324e+03
        LJ (SR)  Disper. corr.   Coulomb (SR)      Potential Pres. DC (bar)
   -2.30540e+04   -1.90322e+03   -2.46813e+04   -4.11668e+04    0.00000e+00
 Pressure (bar)   Constr. rmsd
   -9.28842e+02    9.01804e-07

           Step           Time
            125      125.00000

   Energies (kJ/mol)
           Bond          Angle       G96AngleRestricted Angles  Improper Dih.
    9.83487e+02    3.29039e+03    6.26097e+02    5.70203e+02    2.94311e+03
        LJ (SR)  Disper. corr.   Coulomb (SR)      Potential Pres. DC (bar)
   -2.29898e+04   -1.90322e+03   -2.47138e+04   -4.11936e+04    0.00000e+00
 Pressure (bar)   Constr. rmsd
   -8.95510e+02    3.35254e-06

           Step           Time
            126      126.00000

   Energies (kJ/mol)
           Bond          Angle       G96AngleRestricted Angles  Improper Dih.
    9.78009e+02    3.29007e+03    6.24761e+02    5.69102e+02    2.94707e+03
        LJ (SR)  Disper. corr.   Coulomb (SR)      Potential Pres. DC (bar)
   -2.31389e+04   -1.90322e+03   -2.46876e+04   -4.13207e+04    0.00000e+00
 Pressure (bar)   Constr. rmsd
   -9.52371e+02    4.52890e-06

           Step           Time
            127      127.00000

   Energies (kJ/mol)
           Bond          Angle       G96AngleRestricted Angles  Improper Dih.
    9.65689e+02    3.27863e+03    6.19063e+02    5.65534e+02    2.93461e+03
        LJ (SR)  Disper. corr.   Coulomb (SR)      Potential Pres. DC (bar)
   -2.29410e+04   -1.90322e+03   -2.48978e+04   -4.13785e+04    0.00000e+00
 Pressure (bar)   Constr. rmsd
   -8.91414e+02    7.44617e-06

           Step           Time
            128      128.00000

   Energies (kJ/mol)
           Bond          Angle       G96AngleRestricted Angles  Improper Dih.
    9.59729e+02    3.27060e+03    6.16607e+02    5.64724e+02    2.92944e+03
        LJ (SR)  Disper. corr.   Coulomb (SR)      Potential Pres. DC (bar)
   -2.31468e+04   -1.90322e+03   -2.47182e+04   -4.14271e+04    0.00000e+00
 Pressure (bar)   Constr. rmsd
   -9.53044e+02    1.49520e-05

           Step           Time
            129      129.00000

           Step           Time
            130      130.00000

   Energies (kJ/mol)
           Bond          Angle       G96AngleRestricted Angles  Improper Dih.
    9.52768e+02    3.26417e+03    6.13391e+02    5.62762e+02    2.92304e+03
        LJ (SR)  Disper. corr.   Coulomb (SR)      Potential Pres. DC (bar)
   -2.31544e+04   -1.90322e+03   -2.48236e+04   -4.15651e+04    0.00000e+00
 Pressure (bar)   Constr. rmsd
   -9.55770e+02    3.60249e-06

           Step           Time
            131      131.00000

   Energies (kJ/mol)
           Bond          Angle       G96AngleRestricted Angles  Improper Dih.
    9.36184e+02    3.24808e+03    6.06321e+02    5.59080e+02    2.91277e+03
        LJ (SR)  Disper. corr.   Coulomb (SR)      Potential Pres. DC (bar)
   -2.30360e+04   -1.90322e+03   -2.49413e+04   -4.16181e+04    0.00000e+00
 Pressure (bar)   Constr. rmsd
   -9.28843e+02    1.87837e-06

           Step           Time
            132      132.00000

   Energies (kJ/mol)
           Bond          Angle       G96AngleRestricted Angles  Improper Dih.
    9.34240e+02    3.24327e+03    6.04744e+02    5.58398e+02    2.90664e+03
        LJ (SR)  Disper. corr.   Coulomb (SR)      Potential Pres. DC (bar)
   -2.32391e+04   -1.90322e+03   -2.48392e+04   -4.17342e+04    0.00000e+00
 Pressure (bar)   Constr. rmsd
   -9.83899e+02    3.56994e-06

           Step           Time
            133      133.00000

           Step           Time
            134      134.00000

   Energies (kJ/mol)
           Bond          Angle       G96AngleRestricted Angles  Improper Dih.
    9.25068e+02    3.23809e+03    6.01279e+02    5.56459e+02    2.90178e+03
        LJ (SR)  Disper. corr.   Coulomb (SR)      Potential Pres. DC (bar)
   -2.31424e+04   -1.90322e+03   -2.50145e+04   -4.18374e+04    0.00000e+00
 Pressure (bar)   Constr. rmsd
   -9.57413e+02    1.18139e-06

           Step           Time
            135      135.00000

   Energies (kJ/mol)
           Bond          Angle       G96AngleRestricted Angles  Improper Dih.
    9.19942e+02    3.22733e+03    5.98132e+02    5.54833e+02    2.89118e+03
        LJ (SR)  Disper. corr.   Coulomb (SR)      Potential Pres. DC (bar)
   -2.32511e+04   -1.90322e+03   -2.49269e+04   -4.18897e+04    0.00000e+00
 Pressure (bar)   Constr. rmsd
   -9.84702e+02    2.52244e-06

           Step           Time
            136      136.00000

   Energies (kJ/mol)
           Bond          Angle       G96AngleRestricted Angles  Improper Dih.
    9.08529e+02    3.22244e+03    5.93854e+02    5.52708e+02    2.88928e+03
        LJ (SR)  Disper. corr.   Coulomb (SR)      Potential Pres. DC (bar)
   -2.30937e+04   -1.90322e+03   -2.51334e+04   -4.19635e+04    0.00000e+00
 Pressure (bar)   Constr. rmsd
   -9.50262e+02    4.09329e-06

           Step           Time
            137      137.00000

   Energies (kJ/mol)
           Bond          Angle       G96AngleRestricted Angles  Improper Dih.
    9.06418e+02    3.21235e+03    5.91809e+02    5.51567e+02    2.87765e+03
        LJ (SR)  Disper. corr.   Coulomb (SR)      Potential Pres. DC (bar)
   -2.32724e+04   -1.90322e+03   -2.49937e+04   -4.20295e+04    0.00000e+00
 Pressure (bar)   Constr. rmsd
   -9.91049e+02    6.72767e-06

           Step           Time
            138      138.00000

           Step           Time
            139      139.00000

   Energies (kJ/mol)
           Bond          Angle       G96AngleRestricted Angles  Improper Dih.
    8.99409e+02    3.20843e+03    5.89021e+02    5.50265e+02    2.87674e+03
        LJ (SR)  Disper. corr.   Coulomb (SR)      Potential Pres. DC (bar)
   -2.32552e+04   -1.90322e+03   -2.51007e+04   -4.21352e+04    0.00000e+00
 Pressure (bar)   Constr. rmsd
   -9.93149e+02    1.65459e-06

           Step           Time
            140      140.00000

   Energies (kJ/mol)
           Bond          Angle       G96AngleRestricted Angles  Improper Dih.
    8.83410e+02    3.18308e+03    5.80227e+02    5.46439e+02    2.85414e+03
        LJ (SR)  Disper. corr.   Coulomb (SR)      Potential Pres. DC (bar)
   -2.32890e+04   -1.90322e+03   -2.51504e+04   -4.22954e+04    0.00000e+00
 Pressure (bar)   Constr. rmsd
   -9.92713e+02    4.62533e-06

           Step           Time
            141      141.00000

   Energies (kJ/mol)
           Bond          Angle       G96AngleRestricted Angles  Improper Dih.
    8.78130e+02    3.18447e+03    5.78558e+02    5.44716e+02    2.85531e+03
        LJ (SR)  Disper. corr.   Coulomb (SR)      Potential Pres. DC (bar)
   -2.33169e+04   -1.90322e+03   -2.52068e+04   -4.23857e+04    0.00000e+00
 Pressure (bar)   Constr. rmsd
   -1.01615e+03    7.05455e-06

           Step           Time
            142      142.00000

   Energies (kJ/mol)
           Bond          Angle       G96AngleRestricted Angles  Improper Dih.
    8.64905e+02    3.15733e+03    5.69971e+02    5.41466e+02    2.83085e+03
        LJ (SR)  Disper. corr.   Coulomb (SR)      Potential Pres. DC (bar)
   -2.33213e+04   -1.90322e+03   -2.52557e+04   -4.25157e+04    0.00000e+00
 Pressure (bar)   Constr. rmsd
   -9.98282e+02    1.44324e-05

           Step           Time
            143      143.00000

   Energies (kJ/mol)
           Bond          Angle       G96AngleRestricted Angles  Improper Dih.
    8.57845e+02    3.16202e+03    5.68723e+02    5.40001e+02    2.83910e+03
        LJ (SR)  Disper. corr.   Coulomb (SR)      Potential Pres. DC (bar)
   -2.33103e+04   -1.90322e+03   -2.53485e+04   -4.25944e+04    0.00000e+00
 Pressure (bar)   Constr. rmsd
   -1.02370e+03    2.05804e-05

           Step           Time
            144      144.00000

           Step           Time
            145      145.00000

   Energies (kJ/mol)
           Bond          Angle       G96AngleRestricted Angles  Improper Dih.
    8.56397e+02    3.15394e+03    5.66675e+02    5.38791e+02    2.82674e+03
        LJ (SR)  Disper. corr.   Coulomb (SR)      Potential Pres. DC (bar)
   -2.34127e+04   -1.90322e+03   -2.53069e+04   -4.26802e+04    0.00000e+00
 Pressure (bar)   Constr. rmsd
   -1.04153e+03    3.42641e-06

           Step           Time
            146      146.00000

   Energies (kJ/mol)
           Bond          Angle       G96AngleRestricted Angles  Improper Dih.
    8.44736e+02    3.14069e+03    5.61400e+02    5.36520e+02    2.82780e+03
        LJ (SR)  Disper. corr.   Coulomb (SR)      Potential Pres. DC (bar)
   -2.32560e+04   -1.90322e+03   -2.54935e+04   -4.27416e+04    0.00000e+00
 Pressure (bar)   Constr. rmsd
   -1.01551e+03    5.41425e-06

           Step           Time
            147      147.00000

   Energies (kJ/mol)
           Bond          Angle       G96AngleRestricted Angles  Improper Dih.
    8.44189e+02    3.13463e+03    5.59669e+02    5.35930e+02    2.81309e+03
        LJ (SR)  Disper. corr.   Coulomb (SR)      Potential Pres. DC (bar)
   -2.34464e+04   -1.90322e+03   -2.54144e+04   -4.28765e+04    0.00000e+00
 Pressure (bar)   Constr. rmsd
   -1.05173e+03    1.01471e-05

           Step           Time
            148      148.00000

           Step           Time
            149      149.00000

   Energies (kJ/mol)
           Bond          Angle       G96AngleRestricted Angles  Improper Dih.
    8.38931e+02    3.13007e+03    5.58188e+02    5.35002e+02    2.81440e+03
        LJ (SR)  Disper. corr.   Coulomb (SR)      Potential Pres. DC (bar)
   -2.34330e+04   -1.90322e+03   -2.54998e+04   -4.29594e+04    0.00000e+00
 Pressure (bar)   Constr. rmsd
   -1.05238e+03    2.42609e-06

           Step           Time
            150      150.00000

   Energies (kJ/mol)
           Bond          Angle       G96AngleRestricted Angles  Improper Dih.
    8.31019e+02    3.11492e+03    5.53411e+02    5.32948e+02    2.79496e+03
        LJ (SR)  Disper. corr.   Coulomb (SR)      Potential Pres. DC (bar)
   -2.34524e+04   -1.90322e+03   -2.55168e+04   -4.30452e+04    0.00000e+00
 Pressure (bar)   Constr. rmsd
   -1.04929e+03    4.48587e-06

           Step           Time
            151      151.00000

   Energies (kJ/mol)
           Bond          Angle       G96AngleRestricted Angles  Improper Dih.
    8.27344e+02    3.11300e+03    5.52944e+02    5.32569e+02    2.80132e+03
        LJ (SR)  Disper. corr.   Coulomb (SR)      Potential Pres. DC (bar)
   -2.34959e+04   -1.90322e+03   -2.55729e+04   -4.31449e+04    0.00000e+00
 Pressure (bar)   Constr. rmsd
   -1.06920e+03    7.44367e-06

           Step           Time
            152      152.00000

   Energies (kJ/mol)
           Bond          Angle       G96AngleRestricted Angles  Improper Dih.
    8.22109e+02    3.10485e+03    5.49973e+02    5.30162e+02    2.78674e+03
        LJ (SR)  Disper. corr.   Coulomb (SR)      Potential Pres. DC (bar)
   -2.34022e+04   -1.90322e+03   -2.57135e+04   -4.32251e+04    0.00000e+00
 Pressure (bar)   Constr. rmsd
   -1.04005e+03    1.16245e-05

           Step           Time
            153      153.00000

   Energies (kJ/mol)
           Bond          Angle       G96AngleRestricted Angles  Improper Dih.
    8.16952e+02    3.09697e+03    5.48224e+02    5.29739e+02    2.78806e+03
        LJ (SR)  Disper. corr.   Coulomb (SR)      Potential Pres. DC (bar)
   -2.35058e+04   -1.90322e+03   -2.56258e+04   -4.32549e+04    0.00000e+00
 Pressure (bar)   Constr. rmsd
   -1.07094e+03    2.31575e-05

           Step           Time
            154      154.00000

   Energies (kJ/mol)
           Bond          Angle       G96AngleRestricted Angles  Improper Dih.
    8.12832e+02    3.09123e+03    5.45681e+02    5.27724e+02    2.77181e+03
        LJ (SR)  Disper. corr.   Coulomb (SR)      Potential Pres. DC (bar)
   -2.34297e+04   -1.90322e+03   -2.57936e+04   -4.33772e+04    0.00000e+00
 Pressure (bar)   Constr. rmsd
   -1.04116e+03    3.47429e-05

           Step           Time
            155      155.00000

   Energies (kJ/mol)
           Bond          Angle       G96AngleRestricted Angles  Improper Dih.
    8.06014e+02    3.08317e+03    5.43857e+02    5.26882e+02    2.78100e+03
        LJ (SR)  Disper. corr.   Coulomb (SR)      Potential Pres. DC (bar)
   -2.34896e+04   -1.90322e+03   -2.57497e+04   -4.34016e+04    0.00000e+00
 Pressure (bar)   Constr. rmsd
   -1.07497e+03    6.98650e-05

           Step           Time
            156      156.00000

   Energies (kJ/mol)
           Bond          Angle       G96AngleRestricted Angles  Improper Dih.
    8.03370e+02    3.07883e+03    5.41027e+02    5.25413e+02    2.75614e+03
        LJ (SR)  Disper. corr.   Coulomb (SR)      Potential Pres. DC (bar)
   -2.34672e+04   -1.90322e+03   -2.58584e+04   -4.35240e+04    0.00000e+00
 Pressure (bar)   Constr. rmsd
   -1.05893e+03    1.10385e-04

           Step           Time
            157      157.00000

           Step           Time
            158      158.00000

   Energies (kJ/mol)
           Bond          Angle       G96AngleRestricted Angles  Improper Dih.
    7.97706e+02    3.06718e+03    5.39140e+02    5.23370e+02    2.75598e+03
        LJ (SR)  Disper. corr.   Coulomb (SR)      Potential Pres. DC (bar)
   -2.35695e+04   -1.90322e+03   -2.58005e+04   -4.35898e+04    0.00000e+00
 Pressure (bar)   Constr. rmsd
   -1.08942e+03    2.87638e-05

           Step           Time
            159      159.00000

           Step           Time
            160      160.00000

   Energies (kJ/mol)
           Bond          Angle       G96AngleRestricted Angles  Improper Dih.
    7.93054e+02    3.06689e+03    5.37467e+02    5.23754e+02    2.75565e+03
        LJ (SR)  Disper. corr.   Coulomb (SR)      Potential Pres. DC (bar)
   -2.36018e+04   -1.90322e+03   -2.58831e+04   -4.37113e+04    0.00000e+00
 Pressure (bar)   Constr. rmsd
   -1.10584e+03    6.70142e-06

           Step           Time
            161      161.00000

   Energies (kJ/mol)
           Bond          Angle       G96AngleRestricted Angles  Improper Dih.
    7.85381e+02    3.04983e+03    5.33467e+02    5.19492e+02    2.73722e+03
        LJ (SR)  Disper. corr.   Coulomb (SR)      Potential Pres. DC (bar)
   -2.36102e+04   -1.90322e+03   -2.59537e+04   -4.38418e+04    0.00000e+00
 Pressure (bar)   Constr. rmsd
   -1.10149e+03    8.72213e-06

           Step           Time
            162      162.00000

   Energies (kJ/mol)
           Bond          Angle       G96AngleRestricted Angles  Improper Dih.
    7.80419e+02    3.04878e+03    5.31780e+02    5.21225e+02    2.73864e+03
        LJ (SR)  Disper. corr.   Coulomb (SR)      Potential Pres. DC (bar)
   -2.36085e+04   -1.90322e+03   -2.60535e+04   -4.39444e+04    0.00000e+00
 Pressure (bar)   Constr. rmsd
   -1.10714e+03    1.52844e-05

           Step           Time
            163      163.00000

   Energies (kJ/mol)
           Bond          Angle       G96AngleRestricted Angles  Improper Dih.
    7.70629e+02    3.02808e+03    5.28761e+02    5.17926e+02    2.70865e+03
        LJ (SR)  Disper. corr.   Coulomb (SR)      Potential Pres. DC (bar)
   -2.35886e+04   -1.90322e+03   -2.60472e+04   -4.39850e+04    0.00000e+00
 Pressure (bar)   Constr. rmsd
   -1.07917e+03    3.27068e-05

           Step           Time
            164      164.00000

   Energies (kJ/mol)
           Bond          Angle       G96AngleRestricted Angles  Improper Dih.
    7.64873e+02    3.03144e+03    5.27791e+02    5.17294e+02    2.70918e+03
        LJ (SR)  Disper. corr.   Coulomb (SR)      Potential Pres. DC (bar)
   -2.36861e+04   -1.90322e+03   -2.61586e+04   -4.41973e+04    0.00000e+00
 Pressure (bar)   Constr. rmsd
   -1.12572e+03    4.80017e-05

           Step           Time
            165      165.00000

           Step           Time
            166      166.00000

   Energies (kJ/mol)
           Bond          Angle       G96AngleRestricted Angles  Improper Dih.
    7.54975e+02    3.01846e+03    5.26418e+02    5.17326e+02    2.70487e+03
        LJ (SR)  Disper. corr.   Coulomb (SR)      Potential Pres. DC (bar)
   -2.34258e+04   -1.90322e+03   -2.63999e+04   -4.42068e+04    0.00000e+00
 Pressure (bar)   Constr. rmsd
   -1.06722e+03    8.95885e-06

           Step           Time
            167      167.00000

   Energies (kJ/mol)
           Bond          Angle       G96AngleRestricted Angles  Improper Dih.
    7.54746e+02    3.00906e+03    5.23793e+02    5.12687e+02    2.68963e+03
        LJ (SR)  Disper. corr.   Coulomb (SR)      Potential Pres. DC (bar)
   -2.37841e+04   -1.90322e+03   -2.61877e+04   -4.43851e+04    0.00000e+00
 Pressure (bar)   Constr. rmsd
   -1.15477e+03    1.85714e-05

           Step           Time
            168      168.00000

           Step           Time
            169      169.00000

   Energies (kJ/mol)
           Bond          Angle       G96AngleRestricted Angles  Improper Dih.
    7.47867e+02    3.00615e+03    5.23135e+02    5.13768e+02    2.68666e+03
        LJ (SR)  Disper. corr.   Coulomb (SR)      Potential Pres. DC (bar)
   -2.35928e+04   -1.90322e+03   -2.65187e+04   -4.45371e+04    0.00000e+00
 Pressure (bar)   Constr. rmsd
   -1.09997e+03    4.68526e-06

           Step           Time
            170      170.00000

   Energies (kJ/mol)
           Bond          Angle       G96AngleRestricted Angles  Improper Dih.
    7.45071e+02    2.99892e+03    5.22517e+02    5.12906e+02    2.67853e+03
        LJ (SR)  Disper. corr.   Coulomb (SR)      Potential Pres. DC (bar)
   -2.37878e+04   -1.90322e+03   -2.63643e+04   -4.45973e+04    0.00000e+00
 Pressure (bar)   Constr. rmsd
   -1.15497e+03    4.43023e-06

           Step           Time
            171      171.00000

   Energies (kJ/mol)
           Bond          Angle       G96AngleRestricted Angles  Improper Dih.
    7.37950e+02    2.99119e+03    5.21085e+02    5.08616e+02    2.67336e+03
        LJ (SR)  Disper. corr.   Coulomb (SR)      Potential Pres. DC (bar)
   -2.34250e+04   -1.90322e+03   -2.67533e+04   -4.46493e+04    0.00000e+00
 Pressure (bar)   Constr. rmsd
   -1.04239e+03    7.36949e-06

           Step           Time
            172      172.00000

   Energies (kJ/mol)
           Bond          Angle       G96AngleRestricted Angles  Improper Dih.
    7.35721e+02    2.98698e+03    5.20976e+02    5.09755e+02    2.66373e+03
        LJ (SR)  Disper. corr.   Coulomb (SR)      Potential Pres. DC (bar)
   -2.37649e+04   -1.90322e+03   -2.65016e+04   -4.47525e+04    0.00000e+00
 Pressure (bar)   Constr. rmsd
   -1.14102e+03    1.30605e-05

           Step           Time
            173      173.00000

           Step           Time
            174      174.00000

   Energies (kJ/mol)
           Bond          Angle       G96AngleRestricted Angles  Improper Dih.
    7.31249e+02    2.98151e+03    5.19916e+02    5.07223e+02    2.65845e+03
        LJ (SR)  Disper. corr.   Coulomb (SR)      Potential Pres. DC (bar)
   -2.37034e+04   -1.90322e+03   -2.66915e+04   -4.48997e+04    0.00000e+00
 Pressure (bar)   Constr. rmsd
   -1.12333e+03    2.88286e-06

           Step           Time
            175      175.00000

   Energies (kJ/mol)
           Bond          Angle       G96AngleRestricted Angles  Improper Dih.
    7.23651e+02    2.97328e+03    5.18804e+02    5.06964e+02    2.64146e+03
        LJ (SR)  Disper. corr.   Coulomb (SR)      Potential Pres. DC (bar)
   -2.37890e+04   -1.90322e+03   -2.66654e+04   -4.49934e+04    0.00000e+00
 Pressure (bar)   Constr. rmsd
   -1.15274e+03    3.90851e-06

           Step           Time
            176      176.00000

   Energies (kJ/mol)
           Bond          Angle       G96AngleRestricted Angles  Improper Dih.
    7.17134e+02    2.96231e+03    5.16345e+02    5.01593e+02    2.63005e+03
        LJ (SR)  Disper. corr.   Coulomb (SR)      Potential Pres. DC (bar)
   -2.35840e+04   -1.90322e+03   -2.69097e+04   -4.50696e+04    0.00000e+00
 Pressure (bar)   Constr. rmsd
   -1.07891e+03    6.37820e-06

           Step           Time
            177      177.00000

   Energies (kJ/mol)
           Bond          Angle       G96AngleRestricted Angles  Improper Dih.
    7.14728e+02    2.96259e+03    5.16851e+02    5.03618e+02    2.62564e+03
        LJ (SR)  Disper. corr.   Coulomb (SR)      Potential Pres. DC (bar)
   -2.38438e+04   -1.90322e+03   -2.67493e+04   -4.51729e+04    0.00000e+00
 Pressure (bar)   Constr. rmsd
   -1.16670e+03    1.19703e-05

           Step           Time
            178      178.00000

           Step           Time
            179      179.00000

   Energies (kJ/mol)
           Bond          Angle       G96AngleRestricted Angles  Improper Dih.
    7.09540e+02    2.95750e+03    5.14898e+02    5.00347e+02    2.62267e+03
        LJ (SR)  Disper. corr.   Coulomb (SR)      Potential Pres. DC (bar)
   -2.36443e+04   -1.90322e+03   -2.70427e+04   -4.52852e+04    0.00000e+00
 Pressure (bar)   Constr. rmsd
   -1.11831e+03    5.57525e-06

           Step           Time
            180      180.00000

   Energies (kJ/mol)
           Bond          Angle       G96AngleRestricted Angles  Improper Dih.
    7.08818e+02    2.94909e+03    5.13683e+02    4.99836e+02    2.60581e+03
        LJ (SR)  Disper. corr.   Coulomb (SR)      Potential Pres. DC (bar)
   -2.38546e+04   -1.90322e+03   -2.68812e+04   -4.53618e+04    0.00000e+00
 Pressure (bar)   Constr. rmsd
   -1.16258e+03    7.93655e-06

           Step           Time
            181      181.00000

           Step           Time
            182      182.00000

   Energies (kJ/mol)
           Bond          Angle       G96AngleRestricted Angles  Improper Dih.
    7.04896e+02    2.94774e+03    5.12842e+02    4.98542e+02    2.60742e+03
        LJ (SR)  Disper. corr.   Coulomb (SR)      Potential Pres. DC (bar)
   -2.37990e+04   -1.90322e+03   -2.70532e+04   -4.54840e+04    0.00000e+00
 Pressure (bar)   Constr. rmsd
   -1.15457e+03    1.96544e-06

           Step           Time
            183      183.00000

   Energies (kJ/mol)
           Bond          Angle       G96AngleRestricted Angles  Improper Dih.
    6.99958e+02    2.93690e+03    5.10161e+02    4.97065e+02    2.58520e+03
        LJ (SR)  Disper. corr.   Coulomb (SR)      Potential Pres. DC (bar)
   -2.37975e+04   -1.90322e+03   -2.70781e+04   -4.55495e+04    0.00000e+00
 Pressure (bar)   Constr. rmsd
   -1.14054e+03    3.33008e-06

           Step           Time
            184      184.00000

   Energies (kJ/mol)
           Bond          Angle       G96AngleRestricted Angles  Improper Dih.
    6.98490e+02    2.93585e+03    5.10103e+02    4.96704e+02    2.59123e+03
        LJ (SR)  Disper. corr.   Coulomb (SR)      Potential Pres. DC (bar)
   -2.38700e+04   -1.90322e+03   -2.71090e+04   -4.56498e+04    0.00000e+00
 Pressure (bar)   Constr. rmsd
   -1.16893e+03    5.18836e-06

           Step           Time
            185      185.00000

           Step           Time
            186      186.00000

   Energies (kJ/mol)
           Bond          Angle       G96AngleRestricted Angles  Improper Dih.
    6.96184e+02    2.93237e+03    5.08919e+02    4.95092e+02    2.58394e+03
        LJ (SR)  Disper. corr.   Coulomb (SR)      Potential Pres. DC (bar)
   -2.38124e+04   -1.90322e+03   -2.72418e+04   -4.57409e+04    0.00000e+00
 Pressure (bar)   Constr. rmsd
   -1.15262e+03    1.43743e-06

           Step           Time
            187      187.00000

   Energies (kJ/mol)
           Bond          Angle       G96AngleRestricted Angles  Improper Dih.
    6.92568e+02    2.92634e+03    5.07620e+02    4.93937e+02    2.57849e+03
        LJ (SR)  Disper. corr.   Coulomb (SR)      Potential Pres. DC (bar)
   -2.38756e+04   -1.90322e+03   -2.72396e+04   -4.58194e+04    0.00000e+00
 Pressure (bar)   Constr. rmsd
   -1.17154e+03    1.65244e-06

           Step           Time
            188      188.00000

   Energies (kJ/mol)
           Bond          Angle       G96AngleRestricted Angles  Improper Dih.
    6.90695e+02    2.92350e+03    5.06388e+02    4.92584e+02    2.56958e+03
        LJ (SR)  Disper. corr.   Coulomb (SR)      Potential Pres. DC (bar)
   -2.38199e+04   -1.90322e+03   -2.73562e+04   -4.58966e+04    0.00000e+00
 Pressure (bar)   Constr. rmsd
   -1.15064e+03    3.16981e-06

           Step           Time
            189      189.00000

   Energies (kJ/mol)
           Bond          Angle       G96AngleRestricted Angles  Improper Dih.
    6.87405e+02    2.91870e+03    5.05261e+02    4.91419e+02    2.56932e+03
        LJ (SR)  Disper. corr.   Coulomb (SR)      Potential Pres. DC (bar)
   -2.38659e+04   -1.90322e+03   -2.73639e+04   -4.59609e+04    0.00000e+00
 Pressure (bar)   Constr. rmsd
   -1.16865e+03    5.17913e-06

           Step           Time
            190      190.00000

   Energies (kJ/mol)
           Bond          Angle       G96AngleRestricted Angles  Improper Dih.
    6.85563e+02    2.91553e+03    5.03680e+02    4.89928e+02    2.55646e+03
        LJ (SR)  Disper. corr.   Coulomb (SR)      Potential Pres. DC (bar)
   -2.38145e+04   -1.90322e+03   -2.74653e+04   -4.60319e+04    0.00000e+00
 Pressure (bar)   Constr. rmsd
   -1.14466e+03    9.22703e-06

           Step           Time
            191      191.00000

   Energies (kJ/mol)
           Bond          Angle       G96AngleRestricted Angles  Improper Dih.
    6.81981e+02    2.91018e+03    5.02419e+02    4.88529e+02    2.55940e+03
        LJ (SR)  Disper. corr.   Coulomb (SR)      Potential Pres. DC (bar)
   -2.38629e+04   -1.90322e+03   -2.74662e+04   -4.60898e+04    0.00000e+00
 Pressure (bar)   Constr. rmsd
   -1.16555e+03    1.62565e-05

           Step           Time
            192      192.00000

   Energies (kJ/mol)
           Bond          Angle       G96AngleRestricted Angles  Improper Dih.
    6.80083e+02    2.90640e+03    5.00267e+02    4.86804e+02    2.54164e+03
        LJ (SR)  Disper. corr.   Coulomb (SR)      Potential Pres. DC (bar)
   -2.37858e+04   -1.90322e+03   -2.75866e+04   -4.61604e+04    0.00000e+00
 Pressure (bar)   Constr. rmsd
   -1.12950e+03    2.76843e-05

           Step           Time
            193      193.00000

   Energies (kJ/mol)
           Bond          Angle       G96AngleRestricted Angles  Improper Dih.
    6.75890e+02    2.89853e+03    4.98565e+02    4.84791e+02    2.54724e+03
        LJ (SR)  Disper. corr.   Coulomb (SR)      Potential Pres. DC (bar)
   -2.38601e+04   -1.90322e+03   -2.75423e+04   -4.62006e+04    0.00000e+00
 Pressure (bar)   Constr. rmsd
   -1.15984e+03    5.33523e-05

           Step           Time
            194      194.00000

   Energies (kJ/mol)
           Bond          Angle       G96AngleRestricted Angles  Improper Dih.
    6.74236e+02    2.89411e+03    4.95556e+02    4.83191e+02    2.52291e+03
        LJ (SR)  Disper. corr.   Coulomb (SR)      Potential Pres. DC (bar)
   -2.36993e+04   -1.90322e+03   -2.77277e+04   -4.62601e+04    0.00000e+00
 Pressure (bar)   Constr. rmsd
   -1.09719e+03    8.78161e-05

           Step           Time
            195      195.00000

           Step           Time
            196      196.00000

   Energies (kJ/mol)
           Bond          Angle       G96AngleRestricted Angles  Improper Dih.
    6.72051e+02    2.88375e+03    4.93832e+02    4.80854e+02    2.52178e+03
        LJ (SR)  Disper. corr.   Coulomb (SR)      Potential Pres. DC (bar)
   -2.39514e+04   -1.90322e+03   -2.75282e+04   -4.63305e+04    0.00000e+00
 Pressure (bar)   Constr. rmsd
   -1.17209e+03    2.47424e-05

           Step           Time
            197      197.00000

           Step           Time
            198      198.00000

   Energies (kJ/mol)
           Bond          Angle       G96AngleRestricted Angles  Improper Dih.
    6.69629e+02    2.87813e+03    4.91580e+02    4.78876e+02    2.51759e+03
        LJ (SR)  Disper. corr.   Coulomb (SR)      Potential Pres. DC (bar)
   -2.39061e+04   -1.90322e+03   -2.77020e+04   -4.64755e+04    0.00000e+00
 Pressure (bar)   Constr. rmsd
   -1.16339e+03    5.21493e-06

           Step           Time
            199      199.00000

   Energies (kJ/mol)
           Bond          Angle       G96AngleRestricted Angles  Improper Dih.
    6.64020e+02    2.85857e+03    4.84535e+02    4.75057e+02    2.49784e+03
        LJ (SR)  Disper. corr.   Coulomb (SR)      Potential Pres. DC (bar)
   -2.38696e+04   -1.90322e+03   -2.77255e+04   -4.65183e+04    0.00000e+00
 Pressure (bar)   Constr. rmsd
   -1.13007e+03    5.21046e-06

           Step           Time
            200      200.00000

   Energies (kJ/mol)
           Bond          Angle       G96AngleRestricted Angles  Improper Dih.
    6.64270e+02    2.85311e+03    4.83782e+02    4.74898e+02    2.49130e+03
        LJ (SR)  Disper. corr.   Coulomb (SR)      Potential Pres. DC (bar)
   -2.39982e+04   -1.90322e+03   -2.77176e+04   -4.66516e+04    0.00000e+00
 Pressure (bar)   Constr. rmsd
   -1.18153e+03    9.65382e-06

           Step           Time
            201      201.00000

           Step           Time
            202      202.00000

   Energies (kJ/mol)
           Bond          Angle       G96AngleRestricted Angles  Improper Dih.
    6.60505e+02    2.84777e+03    4.81266e+02    4.71439e+02    2.49101e+03
        LJ (SR)  Disper. corr.   Coulomb (SR)      Potential Pres. DC (bar)
   -2.38650e+04   -1.90322e+03   -2.79435e+04   -4.67597e+04    0.00000e+00
 Pressure (bar)   Constr. rmsd
   -1.14406e+03    3.19456e-06

           Step           Time
            203      203.00000

   Energies (kJ/mol)
           Bond          Angle       G96AngleRestricted Angles  Improper Dih.
    6.58762e+02    2.84064e+03    4.79241e+02    4.71798e+02    2.47935e+03
        LJ (SR)  Disper. corr.   Coulomb (SR)      Potential Pres. DC (bar)
   -2.40276e+04   -1.90322e+03   -2.78023e+04   -4.68033e+04    0.00000e+00
 Pressure (bar)   Constr. rmsd
   -1.18591e+03    3.64254e-06

           Step           Time
            204      204.00000

   Energies (kJ/mol)
           Bond          Angle       G96AngleRestricted Angles  Improper Dih.
    6.55098e+02    2.83422e+03    4.75618e+02    4.68693e+02    2.47865e+03
        LJ (SR)  Disper. corr.   Coulomb (SR)      Potential Pres. DC (bar)
   -2.37221e+04   -1.90322e+03   -2.81222e+04   -4.68352e+04    0.00000e+00
 Pressure (bar)   Constr. rmsd
   -1.09403e+03    6.45418e-06

           Step           Time
            205      205.00000

   Energies (kJ/mol)
           Bond          Angle       G96AngleRestricted Angles  Improper Dih.
    6.54362e+02    2.82865e+03    4.74437e+02    4.70259e+02    2.46381e+03
        LJ (SR)  Disper. corr.   Coulomb (SR)      Potential Pres. DC (bar)
   -2.40427e+04   -1.90322e+03   -2.78486e+04   -4.69030e+04    0.00000e+00
 Pressure (bar)   Constr. rmsd
   -1.18410e+03    1.41186e-05

           Step           Time
            206      206.00000

   Energies (kJ/mol)
           Bond          Angle       G96AngleRestricted Angles  Improper Dih.
    6.50704e+02    2.82497e+03    4.71028e+02    4.66036e+02    2.46779e+03
        LJ (SR)  Disper. corr.   Coulomb (SR)      Potential Pres. DC (bar)
   -2.36602e+04   -1.90322e+03   -2.82274e+04   -4.69103e+04    0.00000e+00
 Pressure (bar)   Constr. rmsd
   -1.06053e+03    2.82291e-05

           Step           Time
            207      207.00000

   Energies (kJ/mol)
           Bond          Angle       G96AngleRestricted Angles  Improper Dih.
    6.50203e+02    2.81864e+03    4.70243e+02    4.67717e+02    2.45291e+03
        LJ (SR)  Disper. corr.   Coulomb (SR)      Potential Pres. DC (bar)
   -2.40610e+04   -1.90322e+03   -2.79556e+04   -4.70601e+04    0.00000e+00
 Pressure (bar)   Constr. rmsd
   -1.19143e+03    3.16758e-05

           Step           Time
            208      208.00000

           Step           Time
            209      209.00000

           Step           Time
            210      210.00000

   Energies (kJ/mol)
           Bond          Angle       G96AngleRestricted Angles  Improper Dih.
    6.47860e+02    2.80979e+03    4.67754e+02    4.65001e+02    2.45048e+03
        LJ (SR)  Disper. corr.   Coulomb (SR)      Potential Pres. DC (bar)
   -2.39624e+04   -1.90322e+03   -2.81322e+04   -4.71569e+04    0.00000e+00
 Pressure (bar)   Constr. rmsd
   -1.16054e+03    1.31027e-06

           Step           Time
            211      211.00000

   Energies (kJ/mol)
           Bond          Angle       G96AngleRestricted Angles  Improper Dih.
    6.44364e+02    2.79926e+03    4.64629e+02    4.64614e+02    2.43855e+03
        LJ (SR)  Disper. corr.   Coulomb (SR)      Potential Pres. DC (bar)
   -2.41096e+04   -1.90322e+03   -2.80102e+04   -4.72115e+04    0.00000e+00
 Pressure (bar)   Constr. rmsd
   -1.20077e+03    1.97262e-06

           Step           Time
            212      212.00000

   Energies (kJ/mol)
           Bond          Angle       G96AngleRestricted Angles  Improper Dih.
    6.42359e+02    2.78678e+03    4.61031e+02    4.61483e+02    2.43375e+03
        LJ (SR)  Disper. corr.   Coulomb (SR)      Potential Pres. DC (bar)
   -2.38491e+04   -1.90322e+03   -2.83117e+04   -4.72786e+04    0.00000e+00
 Pressure (bar)   Constr. rmsd
   -1.12045e+03    3.57225e-06

           Step           Time
            213      213.00000

   Energies (kJ/mol)
           Bond          Angle       G96AngleRestricted Angles  Improper Dih.
    6.40911e+02    2.78206e+03    4.59942e+02    4.62443e+02    2.42207e+03
        LJ (SR)  Disper. corr.   Coulomb (SR)      Potential Pres. DC (bar)
   -2.41257e+04   -1.90322e+03   -2.80450e+04   -4.73066e+04    0.00000e+00
 Pressure (bar)   Constr. rmsd
   -1.19750e+03    5.63432e-06

           Step           Time
            214      214.00000

           Step           Time
            215      215.00000

   Energies (kJ/mol)
           Bond          Angle       G96AngleRestricted Angles  Improper Dih.
    6.39426e+02    2.77535e+03    4.58047e+02    4.60498e+02    2.42038e+03
        LJ (SR)  Disper. corr.   Coulomb (SR)      Potential Pres. DC (bar)
   -2.40597e+04   -1.90322e+03   -2.82192e+04   -4.74284e+04    0.00000e+00
 Pressure (bar)   Constr. rmsd
   -1.18077e+03    1.73569e-06

           Step           Time
            216      216.00000

   Energies (kJ/mol)
           Bond          Angle       G96AngleRestricted Angles  Improper Dih.
    6.37427e+02    2.76349e+03    4.55158e+02    4.58637e+02    2.41111e+03
        LJ (SR)  Disper. corr.   Coulomb (SR)      Potential Pres. DC (bar)
   -2.40372e+04   -1.90322e+03   -2.82698e+04   -4.74844e+04    0.00000e+00
 Pressure (bar)   Constr. rmsd
   -1.16663e+03    2.68526e-06

           Step           Time
            217      217.00000

   Energies (kJ/mol)
           Bond          Angle       G96AngleRestricted Angles  Improper Dih.
    6.35278e+02    2.75794e+03    4.53529e+02    4.58721e+02    2.40313e+03
        LJ (SR)  Disper. corr.   Coulomb (SR)      Potential Pres. DC (bar)
   -2.40907e+04   -1.90322e+03   -2.82502e+04   -4.75355e+04    0.00000e+00
 Pressure (bar)   Constr. rmsd
   -1.18497e+03    4.50486e-06

           Step           Time
            218      218.00000

           Step           Time
            219      219.00000

   Energies (kJ/mol)
           Bond          Angle       G96AngleRestricted Angles  Improper Dih.
    6.34281e+02    2.75295e+03    4.52357e+02    4.57190e+02    2.40060e+03
        LJ (SR)  Disper. corr.   Coulomb (SR)      Potential Pres. DC (bar)
   -2.40960e+04   -1.90322e+03   -2.82855e+04   -4.75874e+04    0.00000e+00
 Pressure (bar)   Constr. rmsd
   -1.18423e+03    1.30355e-06

           Step           Time
            220      220.00000

   Energies (kJ/mol)
           Bond          Angle       G96AngleRestricted Angles  Improper Dih.
    6.32004e+02    2.74418e+03    4.50170e+02    4.57105e+02    2.39244e+03
        LJ (SR)  Disper. corr.   Coulomb (SR)      Potential Pres. DC (bar)
   -2.40882e+04   -1.90322e+03   -2.83265e+04   -4.76420e+04    0.00000e+00
 Pressure (bar)   Constr. rmsd
   -1.18030e+03    1.73697e-06

           Step           Time
            221      221.00000

   Energies (kJ/mol)
           Bond          Angle       G96AngleRestricted Angles  Improper Dih.
    6.30753e+02    2.73914e+03    4.48894e+02    4.55441e+02    2.38839e+03
        LJ (SR)  Disper. corr.   Coulomb (SR)      Potential Pres. DC (bar)
   -2.40981e+04   -1.90322e+03   -2.83444e+04   -4.76831e+04    0.00000e+00
 Pressure (bar)   Constr. rmsd
   -1.17869e+03    3.00420e-06

           Step           Time
            222      222.00000

   Energies (kJ/mol)
           Bond          Angle       G96AngleRestricted Angles  Improper Dih.
    6.29128e+02    2.73316e+03    4.47566e+02    4.55737e+02    2.38156e+03
        LJ (SR)  Disper. corr.   Coulomb (SR)      Potential Pres. DC (bar)
   -2.41149e+04   -1.90322e+03   -2.83534e+04   -4.77244e+04    0.00000e+00
 Pressure (bar)   Constr. rmsd
   -1.18509e+03    4.22340e-06

           Step           Time
            223      223.00000

   Energies (kJ/mol)
           Bond          Angle       G96AngleRestricted Angles  Improper Dih.
    6.27341e+02    2.72654e+03    4.45762e+02    4.53711e+02    2.37534e+03
        LJ (SR)  Disper. corr.   Coulomb (SR)      Potential Pres. DC (bar)
   -2.40877e+04   -1.90322e+03   -2.83936e+04   -4.77559e+04    0.00000e+00
 Pressure (bar)   Constr. rmsd
   -1.16933e+03    8.25543e-06

           Step           Time
            224      224.00000

   Energies (kJ/mol)
           Bond          Angle       G96AngleRestricted Angles  Improper Dih.
    6.26051e+02    2.72127e+03    4.44868e+02    4.54332e+02    2.36991e+03
        LJ (SR)  Disper. corr.   Coulomb (SR)      Potential Pres. DC (bar)
   -2.41504e+04   -1.90322e+03   -2.83711e+04   -4.78084e+04    0.00000e+00
 Pressure (bar)   Constr. rmsd
   -1.19218e+03    1.11094e-05

           Step           Time
            225      225.00000

           Step           Time
            226      226.00000

   Energies (kJ/mol)
           Bond          Angle       G96AngleRestricted Angles  Improper Dih.
    6.24474e+02    2.71582e+03    4.43384e+02    4.52968e+02    2.36301e+03
        LJ (SR)  Disper. corr.   Coulomb (SR)      Potential Pres. DC (bar)
   -2.41473e+04   -1.90322e+03   -2.84180e+04   -4.78688e+04    0.00000e+00
 Pressure (bar)   Constr. rmsd
   -1.18757e+03    3.09137e-06

           Step           Time
            227      227.00000

   Energies (kJ/mol)
           Bond          Angle       G96AngleRestricted Angles  Improper Dih.
    6.22396e+02    2.71096e+03    4.42542e+02    4.53256e+02    2.36467e+03
        LJ (SR)  Disper. corr.   Coulomb (SR)      Potential Pres. DC (bar)
   -2.41472e+04   -1.90322e+03   -2.84399e+04   -4.78965e+04    0.00000e+00
 Pressure (bar)   Constr. rmsd
   -1.19281e+03    4.10156e-06

           Step           Time
            228      228.00000

   Energies (kJ/mol)
           Bond          Angle       G96AngleRestricted Angles  Improper Dih.
    6.22115e+02    2.70676e+03    4.41366e+02    4.52774e+02    2.35198e+03
        LJ (SR)  Disper. corr.   Coulomb (SR)      Potential Pres. DC (bar)
   -2.41480e+04   -1.90322e+03   -2.84614e+04   -4.79376e+04    0.00000e+00
 Pressure (bar)   Constr. rmsd
   -1.18182e+03    7.09712e-06

           Step           Time
            229      229.00000

   Energies (kJ/mol)
           Bond          Angle       G96AngleRestricted Angles  Improper Dih.
    6.19894e+02    2.70111e+03    4.40331e+02    4.52901e+02    2.35647e+03
        LJ (SR)  Disper. corr.   Coulomb (SR)      Potential Pres. DC (bar)
   -2.41482e+04   -1.90322e+03   -2.84784e+04   -4.79591e+04    0.00000e+00
 Pressure (bar)   Constr. rmsd
   -1.19090e+03    1.26247e-05

           Step           Time
            230      230.00000

   Energies (kJ/mol)
           Bond          Angle       G96AngleRestricted Angles  Improper Dih.
    6.19860e+02    2.69630e+03    4.38979e+02    4.52385e+02    2.33831e+03
        LJ (SR)  Disper. corr.   Coulomb (SR)      Potential Pres. DC (bar)
   -2.41426e+04   -1.90322e+03   -2.85024e+04   -4.80024e+04    0.00000e+00
 Pressure (bar)   Constr. rmsd
   -1.17400e+03    2.15458e-05

           Step           Time
            231      231.00000

   Energies (kJ/mol)
           Bond          Angle       G96AngleRestricted Angles  Improper Dih.
    6.16959e+02    2.69029e+03    4.38108e+02    4.52359e+02    2.34772e+03
        LJ (SR)  Disper. corr.   Coulomb (SR)      Potential Pres. DC (bar)
   -2.41484e+04   -1.90322e+03   -2.85107e+04   -4.80169e+04    0.00000e+00
 Pressure (bar)   Constr. rmsd
   -1.19070e+03    4.06463e-05

           Step           Time
            232      232.00000

   Energies (kJ/mol)
           Bond          Angle       G96AngleRestricted Angles  Improper Dih.
    6.17609e+02    2.68403e+03    4.36398e+02    4.52053e+02    2.32054e+03
        LJ (SR)  Disper. corr.   Coulomb (SR)      Potential Pres. DC (bar)
   -2.41384e+04   -1.90322e+03   -2.85356e+04   -4.80666e+04    0.00000e+00
 Pressure (bar)   Constr. rmsd
   -1.16464e+03    6.81778e-05

           Step           Time
            233      233.00000

           Step           Time
            234      234.00000

   Energies (kJ/mol)
           Bond          Angle       G96AngleRestricted Angles  Improper Dih.
    6.15319e+02    2.68028e+03    4.35973e+02    4.51488e+02    2.32923e+03
        LJ (SR)  Disper. corr.   Coulomb (SR)      Potential Pres. DC (bar)
   -2.42554e+04   -1.90322e+03   -2.84988e+04   -4.81451e+04    0.00000e+00
 Pressure (bar)   Constr. rmsd
   -1.21434e+03    1.66755e-05

           Step           Time
            235      235.00000

           Step           Time
            236      236.00000

   Energies (kJ/mol)
           Bond          Angle       G96AngleRestricted Angles  Improper Dih.
    6.14770e+02    2.66999e+03    4.33996e+02    4.51014e+02    2.31484e+03
        LJ (SR)  Disper. corr.   Coulomb (SR)      Potential Pres. DC (bar)
   -2.42260e+04   -1.90322e+03   -2.85873e+04   -4.82319e+04    0.00000e+00
 Pressure (bar)   Constr. rmsd
   -1.18844e+03    2.47668e-06

           Step           Time
            237      237.00000

   Energies (kJ/mol)
           Bond          Angle       G96AngleRestricted Angles  Improper Dih.
    6.12624e+02    2.66682e+03    4.33124e+02    4.50882e+02    2.31207e+03
        LJ (SR)  Disper. corr.   Coulomb (SR)      Potential Pres. DC (bar)
   -2.42686e+04   -1.90322e+03   -2.85827e+04   -4.82790e+04    0.00000e+00
 Pressure (bar)   Constr. rmsd
   -1.21851e+03    7.47246e-06

           Step           Time
            238      238.00000

   Energies (kJ/mol)
           Bond          Angle       G96AngleRestricted Angles  Improper Dih.
    6.12905e+02    2.65982e+03    4.32288e+02    4.49943e+02    2.30295e+03
        LJ (SR)  Disper. corr.   Coulomb (SR)      Potential Pres. DC (bar)
   -2.42948e+04   -1.90322e+03   -2.85993e+04   -4.83394e+04    0.00000e+00
 Pressure (bar)   Constr. rmsd
   -1.21793e+03    9.11205e-06

           Step           Time
            239      239.00000

   Energies (kJ/mol)
           Bond          Angle       G96AngleRestricted Angles  Improper Dih.
    6.10693e+02    2.65172e+03    4.30525e+02    4.52018e+02    2.28869e+03
        LJ (SR)  Disper. corr.   Coulomb (SR)      Potential Pres. DC (bar)
   -2.41597e+04   -1.90322e+03   -2.87444e+04   -4.83737e+04    0.00000e+00
 Pressure (bar)   Constr. rmsd
   -1.16531e+03    1.26741e-05

           Step           Time
            240      240.00000

   Energies (kJ/mol)
           Bond          Angle       G96AngleRestricted Angles  Improper Dih.
    6.10717e+02    2.64553e+03    4.30011e+02    4.49445e+02    2.28517e+03
        LJ (SR)  Disper. corr.   Coulomb (SR)      Potential Pres. DC (bar)
   -2.43216e+04   -1.90322e+03   -2.86675e+04   -4.84714e+04    0.00000e+00
 Pressure (bar)   Constr. rmsd
   -1.22118e+03    2.25406e-05

           Step           Time
            241      241.00000

           Step           Time
            242      242.00000

   Energies (kJ/mol)
           Bond          Angle       G96AngleRestricted Angles  Improper Dih.
    6.09015e+02    2.64020e+03    4.29062e+02    4.50442e+02    2.27592e+03
        LJ (SR)  Disper. corr.   Coulomb (SR)      Potential Pres. DC (bar)
   -2.42997e+04   -1.90322e+03   -2.87873e+04   -4.85855e+04    0.00000e+00
 Pressure (bar)   Constr. rmsd
   -1.20747e+03    5.94169e-06

           Step           Time
            243      243.00000

           Step           Time
            244      244.00000

   Energies (kJ/mol)
           Bond          Angle       G96AngleRestricted Angles  Improper Dih.
    6.07722e+02    2.63425e+03    4.27970e+02    4.48827e+02    2.27515e+03
        LJ (SR)  Disper. corr.   Coulomb (SR)      Potential Pres. DC (bar)
   -2.43214e+04   -1.90322e+03   -2.87967e+04   -4.86274e+04    0.00000e+00
 Pressure (bar)   Constr. rmsd
   -1.21882e+03    1.50267e-06

           Step           Time
            245      245.00000

   Energies (kJ/mol)
           Bond          Angle       G96AngleRestricted Angles  Improper Dih.
    6.07908e+02    2.63111e+03    4.27675e+02    4.49411e+02    2.26670e+03
        LJ (SR)  Disper. corr.   Coulomb (SR)      Potential Pres. DC (bar)
   -2.43502e+04   -1.90322e+03   -2.88151e+04   -4.86857e+04    0.00000e+00
 Pressure (bar)   Constr. rmsd
   -1.22381e+03    2.16026e-06

           Step           Time
            246      246.00000

   Energies (kJ/mol)
           Bond          Angle       G96AngleRestricted Angles  Improper Dih.
    6.06022e+02    2.62550e+03    4.27028e+02    4.48444e+02    2.26194e+03
        LJ (SR)  Disper. corr.   Coulomb (SR)      Potential Pres. DC (bar)
   -2.42567e+04   -1.90322e+03   -2.89369e+04   -4.87279e+04    0.00000e+00
 Pressure (bar)   Constr. rmsd
   -1.19052e+03    4.13340e-06

           Step           Time
            247      247.00000

   Energies (kJ/mol)
           Bond          Angle       G96AngleRestricted Angles  Improper Dih.
    6.06323e+02    2.62209e+03    4.26631e+02    4.48662e+02    2.25377e+03
        LJ (SR)  Disper. corr.   Coulomb (SR)      Potential Pres. DC (bar)
   -2.43480e+04   -1.90322e+03   -2.88932e+04   -4.87870e+04    0.00000e+00
 Pressure (bar)   Constr. rmsd
   -1.21728e+03    5.81615e-06

           Step           Time
            248      248.00000

           Step           Time
            249      249.00000

   Energies (kJ/mol)
           Bond          Angle       G96AngleRestricted Angles  Improper Dih.
    6.05058e+02    2.61830e+03    4.26193e+02    4.47687e+02    2.24930e+03
        LJ (SR)  Disper. corr.   Coulomb (SR)      Potential Pres. DC (bar)
   -2.43467e+04   -1.90322e+03   -2.89439e+04   -4.88472e+04    0.00000e+00
 Pressure (bar)   Constr. rmsd
   -1.21897e+03    1.62035e-06

           Step           Time
            250      250.00000

   Energies (kJ/mol)
           Bond          Angle       G96AngleRestricted Angles  Improper Dih.
    6.03652e+02    2.60849e+03    4.25016e+02    4.47374e+02    2.23375e+03
        LJ (SR)  Disper. corr.   Coulomb (SR)      Potential Pres. DC (bar)
   -2.43266e+04   -1.90322e+03   -2.89990e+04   -4.89106e+04    0.00000e+00
 Pressure (bar)   Constr. rmsd
   -1.20249e+03    3.38768e-06

           Step           Time
            251      251.00000

   Energies (kJ/mol)
           Bond          Angle       G96AngleRestricted Angles  Improper Dih.
    6.02791e+02    2.60670e+03    4.24570e+02    4.45720e+02    2.23151e+03
        LJ (SR)  Disper. corr.   Coulomb (SR)      Potential Pres. DC (bar)
   -2.43467e+04   -1.90322e+03   -2.90212e+04   -4.89597e+04    0.00000e+00
 Pressure (bar)   Constr. rmsd
   -1.21454e+03    5.48023e-06

           Step           Time
            252      252.00000

   Energies (kJ/mol)
           Bond          Angle       G96AngleRestricted Angles  Improper Dih.
    6.02036e+02    2.60040e+03    4.23959e+02    4.45561e+02    2.22149e+03
        LJ (SR)  Disper. corr.   Coulomb (SR)      Potential Pres. DC (bar)
   -2.43658e+04   -1.90322e+03   -2.90143e+04   -4.89899e+04    0.00000e+00
 Pressure (bar)   Constr. rmsd
   -1.21331e+03    8.40227e-06

           Step           Time
            253      253.00000

   Energies (kJ/mol)
           Bond          Angle       G96AngleRestricted Angles  Improper Dih.
    6.00948e+02    2.59736e+03    4.23100e+02    4.43256e+02    2.21375e+03
        LJ (SR)  Disper. corr.   Coulomb (SR)      Potential Pres. DC (bar)
   -2.43039e+04   -1.90322e+03   -2.90801e+04   -4.90088e+04    0.00000e+00
 Pressure (bar)   Constr. rmsd
   -1.19601e+03    1.66801e-05

           Step           Time
            254      254.00000

           Step           Time
            255      255.00000

   Energies (kJ/mol)
           Bond          Angle       G96AngleRestricted Angles  Improper Dih.
    6.00191e+02    2.59413e+03    4.23070e+02    4.43235e+02    2.21391e+03
        LJ (SR)  Disper. corr.   Coulomb (SR)      Potential Pres. DC (bar)
   -2.44146e+04   -1.90322e+03   -2.90384e+04   -4.90818e+04    0.00000e+00
 Pressure (bar)   Constr. rmsd
   -1.23118e+03    3.06485e-06

           Step           Time
            256      256.00000

   Energies (kJ/mol)
           Bond          Angle       G96AngleRestricted Angles  Improper Dih.
    5.99239e+02    2.58741e+03    4.22051e+02    4.41864e+02    2.19677e+03
        LJ (SR)  Disper. corr.   Coulomb (SR)      Potential Pres. DC (bar)
   -2.43406e+04   -1.90322e+03   -2.91128e+04   -4.91093e+04    0.00000e+00
 Pressure (bar)   Constr. rmsd
   -1.20028e+03    4.76645e-06

           Step           Time
            257      257.00000

   Energies (kJ/mol)
           Bond          Angle       G96AngleRestricted Angles  Improper Dih.
    5.98320e+02    2.58550e+03    4.21900e+02    4.41975e+02    2.20191e+03
        LJ (SR)  Disper. corr.   Coulomb (SR)      Potential Pres. DC (bar)
   -2.44247e+04   -1.90322e+03   -2.90989e+04   -4.91772e+04    0.00000e+00
 Pressure (bar)   Constr. rmsd
   -1.22875e+03    8.19930e-06

           Step           Time
            258      258.00000

           Step           Time
            259      259.00000

   Energies (kJ/mol)
           Bond          Angle       G96AngleRestricted Angles  Improper Dih.
    5.98300e+02    2.58180e+03    4.21021e+02    4.40958e+02    2.19143e+03
        LJ (SR)  Disper. corr.   Coulomb (SR)      Potential Pres. DC (bar)
   -2.44390e+04   -1.90322e+03   -2.91193e+04   -4.92279e+04    0.00000e+00
 Pressure (bar)   Constr. rmsd
   -1.22857e+03    1.76037e-06

           Step           Time
            260      260.00000

   Energies (kJ/mol)
           Bond          Angle       G96AngleRestricted Angles  Improper Dih.
    5.96692e+02    2.57342e+03    4.19997e+02    4.39253e+02    2.18622e+03
        LJ (SR)  Disper. corr.   Coulomb (SR)      Potential Pres. DC (bar)
   -2.44266e+04   -1.90322e+03   -2.91729e+04   -4.92871e+04    0.00000e+00
 Pressure (bar)   Constr. rmsd
   -1.22811e+03    2.60774e-06

           Step           Time
            261      261.00000

   Energies (kJ/mol)
           Bond          Angle       G96AngleRestricted Angles  Improper Dih.
    5.96918e+02    2.57112e+03    4.19557e+02    4.38436e+02    2.17504e+03
        LJ (SR)  Disper. corr.   Coulomb (SR)      Potential Pres. DC (bar)
   -2.44469e+04   -1.90322e+03   -2.91864e+04   -4.93355e+04    0.00000e+00
 Pressure (bar)   Constr. rmsd
   -1.22515e+03    4.74205e-06

           Step           Time
            262      262.00000

   Energies (kJ/mol)
           Bond          Angle       G96AngleRestricted Angles  Improper Dih.
    5.95219e+02    2.56623e+03    4.19203e+02    4.37513e+02    2.17698e+03
        LJ (SR)  Disper. corr.   Coulomb (SR)      Potential Pres. DC (bar)
   -2.44383e+04   -1.90322e+03   -2.92085e+04   -4.93549e+04    0.00000e+00
 Pressure (bar)   Constr. rmsd
   -1.22847e+03    8.35806e-06

           Step           Time
            263      263.00000

   Energies (kJ/mol)
           Bond          Angle       G96AngleRestricted Angles  Improper Dih.
    5.95572e+02    2.56345e+03    4.18554e+02    4.36360e+02    2.16175e+03
        LJ (SR)  Disper. corr.   Coulomb (SR)      Potential Pres. DC (bar)
   -2.44475e+04   -1.90322e+03   -2.92265e+04   -4.94016e+04    0.00000e+00
 Pressure (bar)   Constr. rmsd
   -1.21943e+03    1.45766e-05

           Step           Time
            264      264.00000

   Energies (kJ/mol)
           Bond          Angle       G96AngleRestricted Angles  Improper Dih.
    5.93259e+02    2.55891e+03    4.18329e+02    4.35424e+02    2.16928e+03
        LJ (SR)  Disper. corr.   Coulomb (SR)      Potential Pres. DC (bar)
   -2.44430e+04   -1.90322e+03   -2.92318e+04   -4.94028e+04    0.00000e+00
 Pressure (bar)   Constr. rmsd
   -1.22817e+03    2.63838e-05

           Step           Time
            265      265.00000

   Energies (kJ/mol)
           Bond          Angle       G96AngleRestricted Angles  Improper Dih.
    5.93920e+02    2.55551e+03    4.17383e+02    4.34038e+02    2.14759e+03
        LJ (SR)  Disper. corr.   Coulomb (SR)      Potential Pres. DC (bar)
   -2.44527e+04   -1.90322e+03   -2.92565e+04   -4.94640e+04    0.00000e+00
 Pressure (bar)   Constr. rmsd
   -1.21639e+03    4.59006e-05

           Step           Time
            266      266.00000

           Step           Time
            267      267.00000

   Energies (kJ/mol)
           Bond          Angle       G96AngleRestricted Angles  Improper Dih.
    5.92158e+02    2.55234e+03    4.17243e+02    4.33139e+02    2.15361e+03
        LJ (SR)  Disper. corr.   Coulomb (SR)      Potential Pres. DC (bar)
   -2.45412e+04   -1.90322e+03   -2.92309e+04   -4.95268e+04    0.00000e+00
 Pressure (bar)   Constr. rmsd
   -1.24762e+03    1.06597e-05

           Step           Time
            268      268.00000

   Energies (kJ/mol)
           Bond          Angle       G96AngleRestricted Angles  Improper Dih.
    5.89708e+02    2.54184e+03    4.14658e+02    4.29596e+02    2.13428e+03
        LJ (SR)  Disper. corr.   Coulomb (SR)      Potential Pres. DC (bar)
   -2.43934e+04   -1.90322e+03   -2.93874e+04   -4.95739e+04    0.00000e+00
 Pressure (bar)   Constr. rmsd
   -1.17282e+03    4.06808e-06

           Step           Time
            269      269.00000

   Energies (kJ/mol)
           Bond          Angle       G96AngleRestricted Angles  Improper Dih.
    5.88410e+02    2.53964e+03    4.14377e+02    4.28264e+02    2.13697e+03
        LJ (SR)  Disper. corr.   Coulomb (SR)      Potential Pres. DC (bar)
   -2.45660e+04   -1.90322e+03   -2.92786e+04   -4.96401e+04    0.00000e+00
 Pressure (bar)   Constr. rmsd
   -1.24496e+03    1.41362e-05

           Step           Time
            270      270.00000

           Step           Time
            271      271.00000

   Energies (kJ/mol)
           Bond          Angle       G96AngleRestricted Angles  Improper Dih.
    5.85872e+02    2.53516e+03    4.13671e+02    4.25631e+02    2.13056e+03
        LJ (SR)  Disper. corr.   Coulomb (SR)      Potential Pres. DC (bar)
   -2.45299e+04   -1.90322e+03   -2.93688e+04   -4.97110e+04    0.00000e+00
 Pressure (bar)   Constr. rmsd
   -1.23756e+03    8.30678e-06

           Step           Time
            272      272.00000

   Energies (kJ/mol)
           Bond          Angle       G96AngleRestricted Angles  Improper Dih.
    5.85386e+02    2.53165e+03    4.13226e+02    4.25849e+02    2.12365e+03
        LJ (SR)  Disper. corr.   Coulomb (SR)      Potential Pres. DC (bar)
   -2.45918e+04   -1.90322e+03   -2.93433e+04   -4.97585e+04    0.00000e+00
 Pressure (bar)   Constr. rmsd
   -1.24818e+03    1.05515e-05

           Step           Time
            273      273.00000

           Step           Time
            274      274.00000

   Energies (kJ/mol)
           Bond          Angle       G96AngleRestricted Angles  Improper Dih.
    5.83353e+02    2.52785e+03    4.12580e+02    4.24256e+02    2.11899e+03
        LJ (SR)  Disper. corr.   Coulomb (SR)      Potential Pres. DC (bar)
   -2.45887e+04   -1.90322e+03   -2.94022e+04   -4.98270e+04    0.00000e+00
 Pressure (bar)   Constr. rmsd
   -1.24589e+03    2.72599e-06

           Step           Time
            275      275.00000

   Energies (kJ/mol)
           Bond          Angle       G96AngleRestricted Angles  Improper Dih.
    5.77837e+02    2.51442e+03    4.10595e+02    4.21494e+02    2.10866e+03
        LJ (SR)  Disper. corr.   Coulomb (SR)      Potential Pres. DC (bar)
   -2.45287e+04   -1.90322e+03   -2.94791e+04   -4.98781e+04    0.00000e+00
 Pressure (bar)   Constr. rmsd
   -1.22156e+03    1.37497e-06

           Step           Time
            276      276.00000

   Energies (kJ/mol)
           Bond          Angle       G96AngleRestricted Angles  Improper Dih.
    5.77656e+02    2.51319e+03    4.10027e+02    4.19661e+02    2.09964e+03
        LJ (SR)  Disper. corr.   Coulomb (SR)      Potential Pres. DC (bar)
   -2.45314e+04   -1.90322e+03   -2.94920e+04   -4.99064e+04    0.00000e+00
 Pressure (bar)   Constr. rmsd
   -1.22216e+03    6.78225e-06

           Step           Time
            277      277.00000

   Energies (kJ/mol)
           Bond          Angle       G96AngleRestricted Angles  Improper Dih.
    5.76874e+02    2.51079e+03    4.09753e+02    4.20369e+02    2.10207e+03
        LJ (SR)  Disper. corr.   Coulomb (SR)      Potential Pres. DC (bar)
   -2.46037e+04   -1.90322e+03   -2.94643e+04   -4.99514e+04    0.00000e+00
 Pressure (bar)   Constr. rmsd
   -1.24028e+03    1.31848e-05

           Step           Time
            278      278.00000

           Step           Time
            279      279.00000

   Energies (kJ/mol)
           Bond          Angle       G96AngleRestricted Angles  Improper Dih.
    5.76483e+02    2.50847e+03    4.09186e+02    4.18784e+02    2.09477e+03
        LJ (SR)  Disper. corr.   Coulomb (SR)      Potential Pres. DC (bar)
   -2.46507e+04   -1.90322e+03   -2.94773e+04   -5.00235e+04    0.00000e+00
 Pressure (bar)   Constr. rmsd
   -1.25255e+03    2.77451e-06

           Step           Time
            280      280.00000

   Energies (kJ/mol)
           Bond          Angle       G96AngleRestricted Angles  Improper Dih.
    5.72915e+02    2.49820e+03    4.07840e+02    4.16151e+02    2.08883e+03
        LJ (SR)  Disper. corr.   Coulomb (SR)      Potential Pres. DC (bar)
   -2.46353e+04   -1.90322e+03   -2.95535e+04   -5.01081e+04    0.00000e+00
 Pressure (bar)   Constr. rmsd
   -1.24659e+03    9.59807e-07

           Step           Time
            281      281.00000

           Step           Time
            282      282.00000

   Energies (kJ/mol)
           Bond          Angle       G96AngleRestricted Angles  Improper Dih.
    5.72998e+02    2.49581e+03    4.07199e+02    4.15495e+02    2.08112e+03
        LJ (SR)  Disper. corr.   Coulomb (SR)      Potential Pres. DC (bar)
   -2.46652e+04   -1.90322e+03   -2.95608e+04   -5.01566e+04    0.00000e+00
 Pressure (bar)   Constr. rmsd
   -1.25058e+03    1.05811e-06

           Step           Time
            283      283.00000

   Energies (kJ/mol)
           Bond          Angle       G96AngleRestricted Angles  Improper Dih.
    5.71750e+02    2.49242e+03    4.06660e+02    4.14782e+02    2.08129e+03
        LJ (SR)  Disper. corr.   Coulomb (SR)      Potential Pres. DC (bar)
   -2.46607e+04   -1.90322e+03   -2.95922e+04   -5.01892e+04    0.00000e+00
 Pressure (bar)   Constr. rmsd
   -1.24886e+03    1.71233e-06

           Step           Time
            284      284.00000

   Energies (kJ/mol)
           Bond          Angle       G96AngleRestricted Angles  Improper Dih.
    5.71466e+02    2.48895e+03    4.05918e+02    4.13513e+02    2.07140e+03
        LJ (SR)  Disper. corr.   Coulomb (SR)      Potential Pres. DC (bar)
   -2.46715e+04   -1.90322e+03   -2.95980e+04   -5.02215e+04    0.00000e+00
 Pressure (bar)   Constr. rmsd
   -1.24711e+03    2.76865e-06

           Step           Time
            285      285.00000

   Energies (kJ/mol)
           Bond          Angle       G96AngleRestricted Angles  Improper Dih.
    5.69876e+02    2.48619e+03    4.05675e+02    4.12779e+02    2.07590e+03
        LJ (SR)  Disper. corr.   Coulomb (SR)      Potential Pres. DC (bar)
   -2.46744e+04   -1.90322e+03   -2.96196e+04   -5.02468e+04    0.00000e+00
 Pressure (bar)   Constr. rmsd
   -1.25232e+03    4.74499e-06

           Step           Time
            286      286.00000

   Energies (kJ/mol)
           Bond          Angle       G96AngleRestricted Angles  Improper Dih.
    5.69998e+02    2.48238e+03    4.04738e+02    4.11546e+02    2.06160e+03
        LJ (SR)  Disper. corr.   Coulomb (SR)      Potential Pres. DC (bar)
   -2.46627e+04   -1.90322e+03   -2.96318e+04   -5.02675e+04    0.00000e+00
 Pressure (bar)   Constr. rmsd
   -1.23810e+03    7.85515e-06

           Step           Time
            287      287.00000

   Energies (kJ/mol)
           Bond          Angle       G96AngleRestricted Angles  Improper Dih.
    5.67940e+02    2.48000e+03    4.04658e+02    4.10596e+02    2.07152e+03
        LJ (SR)  Disper. corr.   Coulomb (SR)      Potential Pres. DC (bar)
   -2.46847e+04   -1.90322e+03   -2.96403e+04   -5.02935e+04    0.00000e+00
 Pressure (bar)   Constr. rmsd
   -1.25517e+03    1.45212e-05

           Step           Time
            288      288.00000

           Step           Time
            289      289.00000

   Energies (kJ/mol)
           Bond          Angle       G96AngleRestricted Angles  Improper Dih.
    5.68309e+02    2.47732e+03    4.03976e+02    4.09832e+02    2.06065e+03
        LJ (SR)  Disper. corr.   Coulomb (SR)      Potential Pres. DC (bar)
   -2.47400e+04   -1.90322e+03   -2.96339e+04   -5.03570e+04    0.00000e+00
 Pressure (bar)   Constr. rmsd
   -1.26242e+03    3.22768e-06

           Step           Time
            290      290.00000

           Step           Time
            291      291.00000

   Energies (kJ/mol)
           Bond          Angle       G96AngleRestricted Angles  Improper Dih.
    5.66822e+02    2.47209e+03    4.03012e+02    4.07556e+02    2.05847e+03
        LJ (SR)  Disper. corr.   Coulomb (SR)      Potential Pres. DC (bar)
   -2.47268e+04   -1.90322e+03   -2.96897e+04   -5.04118e+04    0.00000e+00
 Pressure (bar)   Constr. rmsd
   -1.26182e+03    1.03492e-06

           Step           Time
            292      292.00000

   Energies (kJ/mol)
           Bond          Angle       G96AngleRestricted Angles  Improper Dih.
    5.66861e+02    2.46998e+03    4.02618e+02    4.07551e+02    2.05411e+03
        LJ (SR)  Disper. corr.   Coulomb (SR)      Potential Pres. DC (bar)
   -2.47597e+04   -1.90322e+03   -2.96836e+04   -5.04454e+04    0.00000e+00
 Pressure (bar)   Constr. rmsd
   -1.26535e+03    1.34801e-06

           Step           Time
            293      293.00000

   Energies (kJ/mol)
           Bond          Angle       G96AngleRestricted Angles  Improper Dih.
    5.65520e+02    2.46458e+03    4.01543e+02    4.05389e+02    2.05025e+03
        LJ (SR)  Disper. corr.   Coulomb (SR)      Potential Pres. DC (bar)
   -2.46964e+04   -1.90322e+03   -2.97673e+04   -5.04796e+04    0.00000e+00
 Pressure (bar)   Constr. rmsd
   -1.24751e+03    2.41935e-06

           Step           Time
            294      294.00000

   Energies (kJ/mol)
           Bond          Angle       G96AngleRestricted Angles  Improper Dih.
    5.65550e+02    2.46254e+03    4.01186e+02    4.05361e+02    2.04637e+03
        LJ (SR)  Disper. corr.   Coulomb (SR)      Potential Pres. DC (bar)
   -2.47680e+04   -1.90322e+03   -2.97334e+04   -5.05237e+04    0.00000e+00
 Pressure (bar)   Constr. rmsd
   -1.26308e+03    3.36684e-06

           Step           Time
            295      295.00000

   Energies (kJ/mol)
           Bond          Angle       G96AngleRestricted Angles  Improper Dih.
    5.63808e+02    2.45614e+03    3.99804e+02    4.02472e+02    2.04269e+03
        LJ (SR)  Disper. corr.   Coulomb (SR)      Potential Pres. DC (bar)
   -2.46575e+04   -1.90322e+03   -2.98286e+04   -5.05245e+04    0.00000e+00
 Pressure (bar)   Constr. rmsd
   -1.23650e+03    6.41454e-06

           Step           Time
            296      296.00000

   Energies (kJ/mol)
           Bond          Angle       G96AngleRestricted Angles  Improper Dih.
    5.64059e+02    2.45400e+03    3.99431e+02    4.02740e+02    2.03738e+03
        LJ (SR)  Disper. corr.   Coulomb (SR)      Potential Pres. DC (bar)
   -2.47836e+04   -1.90322e+03   -2.97775e+04   -5.06068e+04    0.00000e+00
 Pressure (bar)   Constr. rmsd
   -1.26308e+03    9.24313e-06

           Step           Time
            297      297.00000

           Step           Time
            298      298.00000

   Energies (kJ/mol)
           Bond          Angle       G96AngleRestricted Angles  Improper Dih.
    5.62916e+02    2.44929e+03    3.98433e+02    4.00829e+02    2.03511e+03
        LJ (SR)  Disper. corr.   Coulomb (SR)      Potential Pres. DC (bar)
   -2.47803e+04   -1.90322e+03   -2.98337e+04   -5.06707e+04    0.00000e+00
 Pressure (bar)   Constr. rmsd
   -1.26428e+03    2.48354e-06

           Step           Time
            299      299.00000

   Energies (kJ/mol)
           Bond          Angle       G96AngleRestricted Angles  Improper Dih.
    5.62328e+02    2.44275e+03    3.96777e+02    3.99735e+02    2.02553e+03
        LJ (SR)  Disper. corr.   Coulomb (SR)      Potential Pres. DC (bar)
   -2.47805e+04   -1.90322e+03   -2.98551e+04   -5.07118e+04    0.00000e+00
 Pressure (bar)   Constr. rmsd
   -1.25256e+03    5.37329e-06

           Step           Time
            300      300.00000

   Energies (kJ/mol)
           Bond          Angle       G96AngleRestricted Angles  Improper Dih.
    5.61370e+02    2.43937e+03    3.95783e+02    3.97336e+02    2.02639e+03
        LJ (SR)  Disper. corr.   Coulomb (SR)      Potential Pres. DC (bar)
   -2.47812e+04   -1.90322e+03   -2.98946e+04   -5.07588e+04    0.00000e+00
 Pressure (bar)   Constr. rmsd
   -1.26033e+03    9.70319e-06

           Step           Time
            301      301.00000

   Energies (kJ/mol)
           Bond          Angle       G96AngleRestricted Angles  Improper Dih.
    5.61021e+02    2.43419e+03    3.94570e+02    3.96478e+02    2.01586e+03
        LJ (SR)  Disper. corr.   Coulomb (SR)      Potential Pres. DC (bar)
   -2.48042e+04   -1.90322e+03   -2.98843e+04   -5.07896e+04    0.00000e+00
 Pressure (bar)   Constr. rmsd
   -1.25402e+03    1.43094e-05

           Step           Time
            302      302.00000

           Step           Time
            303      303.00000

   Energies (kJ/mol)
           Bond          Angle       G96AngleRestricted Angles  Improper Dih.
    5.59833e+02    2.42992e+03    3.93325e+02    3.94783e+02    2.01791e+03
        LJ (SR)  Disper. corr.   Coulomb (SR)      Potential Pres. DC (bar)
   -2.48250e+04   -1.90322e+03   -2.99167e+04   -5.08491e+04    0.00000e+00
 Pressure (bar)   Constr. rmsd
   -1.26539e+03    3.66969e-06

           Step           Time
            304      304.00000

           Step           Time
            305      305.00000

   Energies (kJ/mol)
           Bond          Angle       G96AngleRestricted Angles  Improper Dih.
    5.59704e+02    2.42733e+03    3.92429e+02    3.93868e+02    2.01214e+03
        LJ (SR)  Disper. corr.   Coulomb (SR)      Potential Pres. DC (bar)
   -2.48253e+04   -1.90322e+03   -2.99399e+04   -5.08829e+04    0.00000e+00
 Pressure (bar)   Constr. rmsd
   -1.26127e+03    9.24086e-07

           Step           Time
            306      306.00000

   Energies (kJ/mol)
           Bond          Angle       G96AngleRestricted Angles  Improper Dih.
    5.58737e+02    2.42295e+03    3.91050e+02    3.93011e+02    2.01271e+03
        LJ (SR)  Disper. corr.   Coulomb (SR)      Potential Pres. DC (bar)
   -2.48245e+04   -1.90322e+03   -2.99659e+04   -5.09152e+04    0.00000e+00
 Pressure (bar)   Constr. rmsd
   -1.26161e+03    1.14413e-06

           Step           Time
            307      307.00000

   Energies (kJ/mol)
           Bond          Angle       G96AngleRestricted Angles  Improper Dih.
    5.58933e+02    2.41995e+03    3.89795e+02    3.91912e+02    2.00456e+03
        LJ (SR)  Disper. corr.   Coulomb (SR)      Potential Pres. DC (bar)
   -2.48202e+04   -1.90322e+03   -2.99862e+04   -5.09445e+04    0.00000e+00
 Pressure (bar)   Constr. rmsd
   -1.25416e+03    1.62544e-06

           Step           Time
            308      308.00000

   Energies (kJ/mol)
           Bond          Angle       G96AngleRestricted Angles  Improper Dih.
    5.57897e+02    2.41623e+03    3.88559e+02    3.91021e+02    2.00805e+03
        LJ (SR)  Disper. corr.   Coulomb (SR)      Potential Pres. DC (bar)
   -2.48275e+04   -1.90322e+03   -2.99968e+04   -5.09657e+04    0.00000e+00
 Pressure (bar)   Constr. rmsd
   -1.25991e+03    2.59054e-06

           Step           Time
            309      309.00000

   Energies (kJ/mol)
           Bond          Angle       G96AngleRestricted Angles  Improper Dih.
    5.58328e+02    2.41282e+03    3.87032e+02    3.89612e+02    1.99708e+03
        LJ (SR)  Disper. corr.   Coulomb (SR)      Potential Pres. DC (bar)
   -2.48156e+04   -1.90322e+03   -3.00194e+04   -5.09934e+04    0.00000e+00
 Pressure (bar)   Constr. rmsd
   -1.24879e+03    4.63111e-06

           Step           Time
            310      310.00000

   Energies (kJ/mol)
           Bond          Angle       G96AngleRestricted Angles  Improper Dih.
    5.56978e+02    2.40950e+03    3.85911e+02    3.88759e+02    2.00416e+03
        LJ (SR)  Disper. corr.   Coulomb (SR)      Potential Pres. DC (bar)
   -2.48319e+04   -1.90322e+03   -3.00192e+04   -5.10090e+04    0.00000e+00
 Pressure (bar)   Constr. rmsd
   -1.25959e+03    7.75563e-06

           Step           Time
            311      311.00000

   Energies (kJ/mol)
           Bond          Angle       G96AngleRestricted Angles  Improper Dih.
    5.57796e+02    2.40543e+03    3.83937e+02    3.87070e+02    1.98889e+03
        LJ (SR)  Disper. corr.   Coulomb (SR)      Potential Pres. DC (bar)
   -2.48052e+04   -1.90322e+03   -3.00481e+04   -5.10334e+04    0.00000e+00
 Pressure (bar)   Constr. rmsd
   -1.24129e+03    1.36501e-05

           Step           Time
            312      312.00000

   Energies (kJ/mol)
           Bond          Angle       G96AngleRestricted Angles  Improper Dih.
    5.55890e+02    2.40264e+03    3.82889e+02    3.86213e+02    2.00143e+03
        LJ (SR)  Disper. corr.   Coulomb (SR)      Potential Pres. DC (bar)
   -2.48316e+04   -1.90322e+03   -3.00343e+04   -5.10401e+04    0.00000e+00
 Pressure (bar)   Constr. rmsd
   -1.25771e+03    2.44399e-05

           Step           Time
            313      313.00000

   Energies (kJ/mol)
           Bond          Angle       G96AngleRestricted Angles  Improper Dih.
    5.57473e+02    2.39738e+03    3.80153e+02    3.84249e+02    1.97955e+03
        LJ (SR)  Disper. corr.   Coulomb (SR)      Potential Pres. DC (bar)
   -2.47928e+04   -1.90322e+03   -3.00706e+04   -5.10678e+04    0.00000e+00
 Pressure (bar)   Constr. rmsd
   -1.23281e+03    4.29496e-05

           Step           Time
            314      314.00000

           Step           Time
            315      315.00000

   Energies (kJ/mol)
           Bond          Angle       G96AngleRestricted Angles  Improper Dih.
    5.56039e+02    2.39536e+03    3.79554e+02    3.83379e+02    1.98908e+03
        LJ (SR)  Disper. corr.   Coulomb (SR)      Potential Pres. DC (bar)
   -2.49211e+04   -1.90322e+03   -3.00268e+04   -5.11477e+04    0.00000e+00
 Pressure (bar)   Constr. rmsd
   -1.27718e+03    9.90101e-06

           Step           Time
            316      316.00000

           Step           Time
            317      317.00000

   Energies (kJ/mol)
           Bond          Angle       G96AngleRestricted Angles  Improper Dih.
    5.56138e+02    2.38784e+03    3.75925e+02    3.81344e+02    1.98080e+03
        LJ (SR)  Disper. corr.   Coulomb (SR)      Potential Pres. DC (bar)
   -2.48867e+04   -1.90322e+03   -3.01166e+04   -5.12244e+04    0.00000e+00
 Pressure (bar)   Constr. rmsd
   -1.25895e+03    1.87604e-06

           Step           Time
            318      318.00000

   Energies (kJ/mol)
           Bond          Angle       G96AngleRestricted Angles  Improper Dih.
    5.55599e+02    2.38588e+03    3.74827e+02    3.80104e+02    1.98299e+03
        LJ (SR)  Disper. corr.   Coulomb (SR)      Potential Pres. DC (bar)
   -2.49408e+04   -1.90322e+03   -3.00930e+04   -5.12577e+04    0.00000e+00
 Pressure (bar)   Constr. rmsd
   -1.27994e+03    1.20844e-06

           Step           Time
            319      319.00000

   Energies (kJ/mol)
           Bond          Angle       G96AngleRestricted Angles  Improper Dih.
    5.55857e+02    2.37766e+03    3.70870e+02    3.78411e+02    1.97317e+03
        LJ (SR)  Disper. corr.   Coulomb (SR)      Potential Pres. DC (bar)
   -2.48816e+04   -1.90322e+03   -3.01961e+04   -5.13250e+04    0.00000e+00
 Pressure (bar)   Constr. rmsd
   -1.25109e+03    3.33954e-06

           Step           Time
            320      320.00000

   Energies (kJ/mol)
           Bond          Angle       G96AngleRestricted Angles  Improper Dih.
    5.55028e+02    2.37586e+03    3.69804e+02    3.77026e+02    1.97821e+03
        LJ (SR)  Disper. corr.   Coulomb (SR)      Potential Pres. DC (bar)
   -2.49465e+04   -1.90322e+03   -3.01582e+04   -5.13520e+04    0.00000e+00
 Pressure (bar)   Constr. rmsd
   -1.27840e+03    2.46416e-06

           Step           Time
            321      321.00000

           Step           Time
            322      322.00000

   Energies (kJ/mol)
           Bond          Angle       G96AngleRestricted Angles  Improper Dih.
    5.55289e+02    2.37029e+03    3.67078e+02    3.75908e+02    1.96990e+03
        LJ (SR)  Disper. corr.   Coulomb (SR)      Potential Pres. DC (bar)
   -2.49513e+04   -1.90322e+03   -3.02159e+04   -5.14319e+04    0.00000e+00
 Pressure (bar)   Constr. rmsd
   -1.27576e+03    1.23389e-06

           Step           Time
            323      323.00000

   Energies (kJ/mol)
           Bond          Angle       G96AngleRestricted Angles  Improper Dih.
    5.54244e+02    2.36192e+03    3.63462e+02    3.74555e+02    1.97008e+03
        LJ (SR)  Disper. corr.   Coulomb (SR)      Potential Pres. DC (bar)
   -2.48992e+04   -1.90322e+03   -3.02871e+04   -5.14653e+04    0.00000e+00
 Pressure (bar)   Constr. rmsd
   -1.26110e+03    3.12058e-06

           Step           Time
            324      324.00000

   Energies (kJ/mol)
           Bond          Angle       G96AngleRestricted Angles  Improper Dih.
    5.54775e+02    2.36126e+03    3.62227e+02    3.73375e+02    1.96157e+03
        LJ (SR)  Disper. corr.   Coulomb (SR)      Potential Pres. DC (bar)
   -2.49558e+04   -1.90322e+03   -3.02716e+04   -5.15174e+04    0.00000e+00
 Pressure (bar)   Constr. rmsd
   -1.27184e+03    6.29456e-06

           Step           Time
            325      325.00000

           Step           Time
            326      326.00000

   Energies (kJ/mol)
           Bond          Angle       G96AngleRestricted Angles  Improper Dih.
    5.54071e+02    2.35757e+03    3.61005e+02    3.72759e+02    1.96547e+03
        LJ (SR)  Disper. corr.   Coulomb (SR)      Potential Pres. DC (bar)
   -2.49841e+04   -1.90322e+03   -3.02828e+04   -5.15592e+04    0.00000e+00
 Pressure (bar)   Constr. rmsd
   -1.28215e+03    1.43493e-06

           Step           Time
            327      327.00000

   Energies (kJ/mol)
           Bond          Angle       G96AngleRestricted Angles  Improper Dih.
    5.54642e+02    2.35123e+03    3.56753e+02    3.70985e+02    1.95403e+03
        LJ (SR)  Disper. corr.   Coulomb (SR)      Potential Pres. DC (bar)
   -2.49068e+04   -1.90322e+03   -3.03588e+04   -5.15812e+04    0.00000e+00
 Pressure (bar)   Constr. rmsd
   -1.24780e+03    2.22470e-06

           Step           Time
            328      328.00000

   Energies (kJ/mol)
           Bond          Angle       G96AngleRestricted Angles  Improper Dih.
    5.53526e+02    2.34801e+03    3.56133e+02    3.70399e+02    1.96175e+03
        LJ (SR)  Disper. corr.   Coulomb (SR)      Potential Pres. DC (bar)
   -2.50082e+04   -1.90322e+03   -3.03373e+04   -5.16589e+04    0.00000e+00
 Pressure (bar)   Constr. rmsd
   -1.28601e+03    3.96497e-06

           Step           Time
            329      329.00000

           Step           Time
            330      330.00000

   Energies (kJ/mol)
           Bond          Angle       G96AngleRestricted Angles  Improper Dih.
    5.53848e+02    2.34490e+03    3.54722e+02    3.69640e+02    1.95523e+03
        LJ (SR)  Disper. corr.   Coulomb (SR)      Potential Pres. DC (bar)
   -2.50097e+04   -1.90322e+03   -3.03694e+04   -5.17040e+04    0.00000e+00
 Pressure (bar)   Constr. rmsd
   -1.28256e+03    1.14035e-06

           Step           Time
            331      331.00000

   Energies (kJ/mol)
           Bond          Angle       G96AngleRestricted Angles  Improper Dih.
    5.53076e+02    2.33780e+03    3.51865e+02    3.68539e+02    1.95769e+03
        LJ (SR)  Disper. corr.   Coulomb (SR)      Potential Pres. DC (bar)
   -2.50032e+04   -1.90322e+03   -3.04225e+04   -5.17599e+04    0.00000e+00
 Pressure (bar)   Constr. rmsd
   -1.28064e+03    1.65832e-06

           Step           Time
            332      332.00000

   Energies (kJ/mol)
           Bond          Angle       G96AngleRestricted Angles  Improper Dih.
    5.53605e+02    2.33532e+03    3.50706e+02    3.67723e+02    1.94991e+03
        LJ (SR)  Disper. corr.   Coulomb (SR)      Potential Pres. DC (bar)
   -2.50138e+04   -1.90322e+03   -3.04433e+04   -5.18030e+04    0.00000e+00
 Pressure (bar)   Constr. rmsd
   -1.27904e+03    2.67165e-06

           Step           Time
            333      333.00000

   Energies (kJ/mol)
           Bond          Angle       G96AngleRestricted Angles  Improper Dih.
    5.52713e+02    2.33055e+03    3.49092e+02    3.67316e+02    1.95512e+03
        LJ (SR)  Disper. corr.   Coulomb (SR)      Potential Pres. DC (bar)
   -2.50047e+04   -1.90322e+03   -3.04753e+04   -5.18284e+04    0.00000e+00
 Pressure (bar)   Constr. rmsd
   -1.27821e+03    4.32010e-06

           Step           Time
            334      334.00000

   Energies (kJ/mol)
           Bond          Angle       G96AngleRestricted Angles  Improper Dih.
    5.53488e+02    2.32782e+03    3.47785e+02    3.66309e+02    1.94464e+03
        LJ (SR)  Disper. corr.   Coulomb (SR)      Potential Pres. DC (bar)
   -2.50079e+04   -1.90322e+03   -3.04978e+04   -5.18688e+04    0.00000e+00
 Pressure (bar)   Constr. rmsd
   -1.27311e+03    7.76355e-06

           Step           Time
            335      335.00000

   Energies (kJ/mol)
           Bond          Angle       G96AngleRestricted Angles  Improper Dih.
    5.52145e+02    2.32381e+03    3.46605e+02    3.66036e+02    1.95462e+03
        LJ (SR)  Disper. corr.   Coulomb (SR)      Potential Pres. DC (bar)
   -2.49939e+04   -1.90322e+03   -3.05186e+04   -5.18724e+04    0.00000e+00
 Pressure (bar)   Constr. rmsd
   -1.27337e+03    1.32967e-05

           Step           Time
            336      336.00000

   Energies (kJ/mol)
           Bond          Angle       G96AngleRestricted Angles  Improper Dih.
    5.53407e+02    2.32081e+03    3.45180e+02    3.64944e+02    1.93956e+03
        LJ (SR)  Disper. corr.   Coulomb (SR)      Potential Pres. DC (bar)
   -2.50076e+04   -1.90322e+03   -3.05408e+04   -5.19277e+04    0.00000e+00
 Pressure (bar)   Constr. rmsd
   -1.26979e+03    2.43062e-05

           Step           Time
            337      337.00000

           Step           Time
            338      338.00000

   Energies (kJ/mol)
           Bond          Angle       G96AngleRestricted Angles  Improper Dih.
    5.52499e+02    2.31781e+03    3.44585e+02    3.64697e+02    1.94606e+03
        LJ (SR)  Disper. corr.   Coulomb (SR)      Potential Pres. DC (bar)
   -2.50757e+04   -1.90322e+03   -3.05369e+04   -5.19902e+04    0.00000e+00
 Pressure (bar)   Constr. rmsd
   -1.29025e+03    5.23508e-06

           Step           Time
            339      339.00000

   Energies (kJ/mol)
           Bond          Angle       G96AngleRestricted Angles  Improper Dih.
    5.53177e+02    2.30861e+03    3.40477e+02    3.63436e+02    1.93776e+03
        LJ (SR)  Disper. corr.   Coulomb (SR)      Potential Pres. DC (bar)
   -2.50021e+04   -1.90322e+03   -3.06856e+04   -5.20874e+04    0.00000e+00
 Pressure (bar)   Constr. rmsd
   -1.26169e+03    2.11196e-06

           Step           Time
            340      340.00000

   Energies (kJ/mol)
           Bond          Angle       G96AngleRestricted Angles  Improper Dih.
    5.52145e+02    2.30283e+03    3.39566e+02    3.62290e+02    1.94152e+03
        LJ (SR)  Disper. corr.   Coulomb (SR)      Potential Pres. DC (bar)
   -2.50351e+04   -1.90322e+03   -3.06595e+04   -5.20994e+04    0.00000e+00
 Pressure (bar)   Constr. rmsd
   -1.26753e+03    1.48323e-06

           Step           Time
            341      341.00000

           Step           Time
            342      342.00000

   Energies (kJ/mol)
           Bond          Angle       G96AngleRestricted Angles  Improper Dih.
    5.52229e+02    2.30499e+03    3.39122e+02    3.61723e+02    1.93726e+03
        LJ (SR)  Disper. corr.   Coulomb (SR)      Potential Pres. DC (bar)
   -2.50565e+04   -1.90322e+03   -3.06928e+04   -5.21572e+04    0.00000e+00
 Pressure (bar)   Constr. rmsd
   -1.27819e+03    3.60714e-06

           Step           Time
            343      343.00000

   Energies (kJ/mol)
           Bond          Angle       G96AngleRestricted Angles  Improper Dih.
    5.51668e+02    2.29760e+03    3.38282e+02    3.62005e+02    1.93753e+03
        LJ (SR)  Disper. corr.   Coulomb (SR)      Potential Pres. DC (bar)
   -2.50821e+04   -1.90322e+03   -3.07226e+04   -5.22208e+04    0.00000e+00
 Pressure (bar)   Constr. rmsd
   -1.28168e+03    5.33692e-06

           Step           Time
            344      344.00000

           Step           Time
            345      345.00000

   Energies (kJ/mol)
           Bond          Angle       G96AngleRestricted Angles  Improper Dih.
    5.51679e+02    2.29581e+03    3.37474e+02    3.61523e+02    1.93230e+03
        LJ (SR)  Disper. corr.   Coulomb (SR)      Potential Pres. DC (bar)
   -2.50966e+04   -1.90322e+03   -3.07500e+04   -5.22710e+04    0.00000e+00
 Pressure (bar)   Constr. rmsd
   -1.28437e+03    1.49717e-06

           Step           Time
            346      346.00000

   Energies (kJ/mol)
           Bond          Angle       G96AngleRestricted Angles  Improper Dih.
    5.50521e+02    2.28720e+03    3.35609e+02    3.60954e+02    1.93244e+03
        LJ (SR)  Disper. corr.   Coulomb (SR)      Potential Pres. DC (bar)
   -2.50686e+04   -1.90322e+03   -3.08256e+04   -5.23307e+04    0.00000e+00
 Pressure (bar)   Constr. rmsd
   -1.26812e+03    8.86616e-07

           Step           Time
            347      347.00000

           Step           Time
            348      348.00000

   Energies (kJ/mol)
           Bond          Angle       G96AngleRestricted Angles  Improper Dih.
    5.50625e+02    2.28719e+03    3.35112e+02    3.60566e+02    1.92919e+03
        LJ (SR)  Disper. corr.   Coulomb (SR)      Potential Pres. DC (bar)
   -2.50987e+04   -1.90322e+03   -3.08416e+04   -5.23808e+04    0.00000e+00
 Pressure (bar)   Constr. rmsd
   -1.27945e+03    7.73756e-07

           Step           Time
            349      349.00000

   Energies (kJ/mol)
           Bond          Angle       G96AngleRestricted Angles  Improper Dih.
    5.49994e+02    2.27716e+03    3.33463e+02    3.60213e+02    1.92577e+03
        LJ (SR)  Disper. corr.   Coulomb (SR)      Potential Pres. DC (bar)
   -2.50496e+04   -1.90322e+03   -3.09095e+04   -5.24158e+04    0.00000e+00
 Pressure (bar)   Constr. rmsd
   -1.25658e+03    9.59645e-07

           Step           Time
            350      350.00000

   Energies (kJ/mol)
           Bond          Angle       G96AngleRestricted Angles  Improper Dih.
    5.49580e+02    2.28021e+03    3.33311e+02    3.59800e+02    1.92580e+03
        LJ (SR)  Disper. corr.   Coulomb (SR)      Potential Pres. DC (bar)
   -2.51011e+04   -1.90322e+03   -3.09089e+04   -5.24645e+04    0.00000e+00
 Pressure (bar)   Constr. rmsd
   -1.27550e+03    1.32348e-06

           Step           Time
            351      351.00000

   Energies (kJ/mol)
           Bond          Angle       G96AngleRestricted Angles  Improper Dih.
    5.48733e+02    2.26844e+03    3.31716e+02    3.58771e+02    1.92141e+03
        LJ (SR)  Disper. corr.   Coulomb (SR)      Potential Pres. DC (bar)
   -2.50489e+04   -1.90322e+03   -3.09663e+04   -5.24893e+04    0.00000e+00
 Pressure (bar)   Constr. rmsd
   -1.24812e+03    1.38358e-06

           Step           Time
            352      352.00000

   Energies (kJ/mol)
           Bond          Angle       G96AngleRestricted Angles  Improper Dih.
    5.48217e+02    2.27379e+03    3.31737e+02    3.58865e+02    1.92299e+03
        LJ (SR)  Disper. corr.   Coulomb (SR)      Potential Pres. DC (bar)
   -2.51043e+04   -1.90322e+03   -3.09664e+04   -5.25383e+04    0.00000e+00
 Pressure (bar)   Constr. rmsd
   -1.27267e+03    3.79311e-06

           Step           Time
            353      353.00000

           Step           Time
            354      354.00000

   Energies (kJ/mol)
           Bond          Angle       G96AngleRestricted Angles  Improper Dih.
    5.47570e+02    2.26583e+03    3.30833e+02    3.58044e+02    1.91990e+03
        LJ (SR)  Disper. corr.   Coulomb (SR)      Potential Pres. DC (bar)
   -2.51102e+04   -1.90322e+03   -3.09883e+04   -5.25795e+04    0.00000e+00
 Pressure (bar)   Constr. rmsd
   -1.27009e+03    7.97750e-07

           Step           Time
            355      355.00000

   Energies (kJ/mol)
           Bond          Angle       G96AngleRestricted Angles  Improper Dih.
    5.45821e+02    2.26347e+03    3.29835e+02    3.57597e+02    1.91882e+03
        LJ (SR)  Disper. corr.   Coulomb (SR)      Potential Pres. DC (bar)
   -2.50821e+04   -1.90322e+03   -3.10428e+04   -5.26126e+04    0.00000e+00
 Pressure (bar)   Constr. rmsd
   -1.25927e+03    8.21803e-07

           Step           Time
            356      356.00000

   Energies (kJ/mol)
           Bond          Angle       G96AngleRestricted Angles  Improper Dih.
    5.45367e+02    2.25525e+03    3.28789e+02    3.56363e+02    1.91703e+03
        LJ (SR)  Disper. corr.   Coulomb (SR)      Potential Pres. DC (bar)
   -2.51001e+04   -1.90322e+03   -3.10460e+04   -5.26465e+04    0.00000e+00
 Pressure (bar)   Constr. rmsd
   -1.25984e+03    8.92509e-07

           Step           Time
            357      357.00000

           Step           Time
            358      358.00000

   Energies (kJ/mol)
           Bond          Angle       G96AngleRestricted Angles  Improper Dih.
    5.44759e+02    2.25565e+03    3.28412e+02    3.55870e+02    1.91491e+03
        LJ (SR)  Disper. corr.   Coulomb (SR)      Potential Pres. DC (bar)
   -2.51159e+04   -1.90322e+03   -3.10567e+04   -5.26761e+04    0.00000e+00
 Pressure (bar)   Constr. rmsd
   -1.26505e+03    8.31657e-07

           Step           Time
            359      359.00000

   Energies (kJ/mol)
           Bond          Angle       G96AngleRestricted Angles  Improper Dih.
    5.43252e+02    2.24993e+03    3.27664e+02    3.54787e+02    1.91755e+03
        LJ (SR)  Disper. corr.   Coulomb (SR)      Potential Pres. DC (bar)
   -2.51085e+04   -1.90322e+03   -3.10748e+04   -5.26933e+04    0.00000e+00
 Pressure (bar)   Constr. rmsd
   -1.26126e+03    1.13179e-06

           Step           Time
            360      360.00000

   Energies (kJ/mol)
           Bond          Angle       G96AngleRestricted Angles  Improper Dih.
    5.43102e+02    2.24829e+03    3.27009e+02    3.53965e+02    1.91181e+03
        LJ (SR)  Disper. corr.   Coulomb (SR)      Potential Pres. DC (bar)
   -2.51164e+04   -1.90322e+03   -3.10834e+04   -5.27188e+04    0.00000e+00
 Pressure (bar)   Constr. rmsd
   -1.26084e+03    1.79582e-06

           Step           Time
            361      361.00000

   Energies (kJ/mol)
           Bond          Angle       G96AngleRestricted Angles  Improper Dih.
    5.41401e+02    2.24343e+03    3.26289e+02    3.52993e+02    1.91695e+03
        LJ (SR)  Disper. corr.   Coulomb (SR)      Potential Pres. DC (bar)
   -2.51056e+04   -1.90322e+03   -3.10974e+04   -5.27252e+04    0.00000e+00
 Pressure (bar)   Constr. rmsd
   -1.25845e+03    2.73853e-06

           Step           Time
            362      362.00000

   Energies (kJ/mol)
           Bond          Angle       G96AngleRestricted Angles  Improper Dih.
    5.41536e+02    2.24115e+03    3.25507e+02    3.51963e+02    1.90836e+03
        LJ (SR)  Disper. corr.   Coulomb (SR)      Potential Pres. DC (bar)
   -2.51127e+04   -1.90322e+03   -3.11035e+04   -5.27509e+04    0.00000e+00
 Pressure (bar)   Constr. rmsd
   -1.25619e+03    5.10549e-06

           Step           Time
            363      363.00000

           Step           Time
            364      364.00000

   Energies (kJ/mol)
           Bond          Angle       G96AngleRestricted Angles  Improper Dih.
    5.40486e+02    2.23868e+03    3.25182e+02    3.51395e+02    1.91256e+03
        LJ (SR)  Disper. corr.   Coulomb (SR)      Potential Pres. DC (bar)
   -2.51531e+04   -1.90322e+03   -3.11001e+04   -5.27882e+04    0.00000e+00
 Pressure (bar)   Constr. rmsd
   -1.26786e+03    1.20655e-06

           Step           Time
            365      365.00000

   Energies (kJ/mol)
           Bond          Angle       G96AngleRestricted Angles  Improper Dih.
    5.38700e+02    2.22746e+03    3.22412e+02    3.48598e+02    1.90336e+03
        LJ (SR)  Disper. corr.   Coulomb (SR)      Potential Pres. DC (bar)
   -2.50684e+04   -1.90322e+03   -3.11682e+04   -5.27993e+04    0.00000e+00
 Pressure (bar)   Constr. rmsd
   -1.23539e+03    9.62135e-07

           Step           Time
            366      366.00000

   Energies (kJ/mol)
           Bond          Angle       G96AngleRestricted Angles  Improper Dih.
    5.37113e+02    2.22576e+03    3.22328e+02    3.47776e+02    1.91165e+03
        LJ (SR)  Disper. corr.   Coulomb (SR)      Potential Pres. DC (bar)
   -2.51506e+04   -1.90322e+03   -3.11467e+04   -5.28558e+04    0.00000e+00
 Pressure (bar)   Constr. rmsd
   -1.26398e+03    2.12169e-06

           Step           Time
            367      367.00000

           Step           Time
            368      368.00000

   Energies (kJ/mol)
           Bond          Angle       G96AngleRestricted Angles  Improper Dih.
    5.37096e+02    2.22367e+03    3.21852e+02    3.47151e+02    1.90638e+03
        LJ (SR)  Disper. corr.   Coulomb (SR)      Potential Pres. DC (bar)
   -2.51736e+04   -1.90322e+03   -3.11522e+04   -5.28929e+04    0.00000e+00
 Pressure (bar)   Constr. rmsd
   -1.26824e+03    8.89838e-07

           Step           Time
            369      369.00000

   Energies (kJ/mol)
           Bond          Angle       G96AngleRestricted Angles  Improper Dih.
    5.35248e+02    2.21772e+03    3.20832e+02    3.46247e+02    1.90751e+03
        LJ (SR)  Disper. corr.   Coulomb (SR)      Potential Pres. DC (bar)
   -2.51509e+04   -1.90322e+03   -3.11894e+04   -5.29159e+04    0.00000e+00
 Pressure (bar)   Constr. rmsd
   -1.26157e+03    1.28040e-06

           Step           Time
            370      370.00000

   Energies (kJ/mol)
           Bond          Angle       G96AngleRestricted Angles  Improper Dih.
    5.34878e+02    2.21536e+03    3.20226e+02    3.44959e+02    1.90274e+03
        LJ (SR)  Disper. corr.   Coulomb (SR)      Potential Pres. DC (bar)
   -2.51748e+04   -1.90322e+03   -3.11862e+04   -5.29461e+04    0.00000e+00
 Pressure (bar)   Constr. rmsd
   -1.26341e+03    2.21559e-06

           Step           Time
            371      371.00000

   Energies (kJ/mol)
           Bond          Angle       G96AngleRestricted Angles  Improper Dih.
    5.33114e+02    2.21074e+03    3.19541e+02    3.44407e+02    1.90709e+03
        LJ (SR)  Disper. corr.   Coulomb (SR)      Potential Pres. DC (bar)
   -2.51513e+04   -1.90322e+03   -3.12115e+04   -5.29511e+04    0.00000e+00
 Pressure (bar)   Constr. rmsd
   -1.25996e+03    3.52683e-06

           Step           Time
            372      372.00000

   Energies (kJ/mol)
           Bond          Angle       G96AngleRestricted Angles  Improper Dih.
    5.33170e+02    2.20821e+03    3.18873e+02    3.43152e+02    1.89883e+03
        LJ (SR)  Disper. corr.   Coulomb (SR)      Potential Pres. DC (bar)
   -2.51697e+04   -1.90322e+03   -3.12097e+04   -5.29804e+04    0.00000e+00
 Pressure (bar)   Constr. rmsd
   -1.25817e+03    6.43244e-06

           Step           Time
            373      373.00000

           Step           Time
            374      374.00000

   Energies (kJ/mol)
           Bond          Angle       G96AngleRestricted Angles  Improper Dih.
    5.32025e+02    2.20605e+03    3.18622e+02    3.42714e+02    1.90352e+03
        LJ (SR)  Disper. corr.   Coulomb (SR)      Potential Pres. DC (bar)
   -2.52062e+04   -1.90322e+03   -3.12090e+04   -5.30155e+04    0.00000e+00
 Pressure (bar)   Constr. rmsd
   -1.26940e+03    1.46697e-06

           Step           Time
            375      375.00000

           Step           Time
            376      376.00000

   Energies (kJ/mol)
           Bond          Angle       G96AngleRestricted Angles  Improper Dih.
    5.31266e+02    2.20067e+03    3.17458e+02    3.41494e+02    1.89847e+03
        LJ (SR)  Disper. corr.   Coulomb (SR)      Potential Pres. DC (bar)
   -2.52007e+04   -1.90322e+03   -3.12368e+04   -5.30513e+04    0.00000e+00
 Pressure (bar)   Constr. rmsd
   -1.26497e+03    7.42111e-07

           Step           Time
            377      377.00000

   Energies (kJ/mol)
           Bond          Angle       G96AngleRestricted Angles  Improper Dih.
    5.29689e+02    2.19769e+03    3.17058e+02    3.40527e+02    1.90275e+03
        LJ (SR)  Disper. corr.   Coulomb (SR)      Potential Pres. DC (bar)
   -2.52091e+04   -1.90322e+03   -3.12462e+04   -5.30707e+04    0.00000e+00
 Pressure (bar)   Constr. rmsd
   -1.26673e+03    7.45439e-07

           Step           Time
            378      378.00000

   Energies (kJ/mol)
           Bond          Angle       G96AngleRestricted Angles  Improper Dih.
    5.29552e+02    2.19403e+03    3.16297e+02    3.39772e+02    1.89618e+03
        LJ (SR)  Disper. corr.   Coulomb (SR)      Potential Pres. DC (bar)
   -2.52033e+04   -1.90322e+03   -3.12642e+04   -5.30949e+04    0.00000e+00
 Pressure (bar)   Constr. rmsd
   -1.26256e+03    1.04999e-06

           Step           Time
            379      379.00000

   Energies (kJ/mol)
           Bond          Angle       G96AngleRestricted Angles  Improper Dih.
    5.28032e+02    2.19136e+03    3.16013e+02    3.39153e+02    1.90147e+03
        LJ (SR)  Disper. corr.   Coulomb (SR)      Potential Pres. DC (bar)
   -2.52156e+04   -1.90322e+03   -3.12711e+04   -5.31138e+04    0.00000e+00
 Pressure (bar)   Constr. rmsd
   -1.26658e+03    1.43620e-06

           Step           Time
            380      380.00000

   Energies (kJ/mol)
           Bond          Angle       G96AngleRestricted Angles  Improper Dih.
    5.27955e+02    2.18778e+03    3.15226e+02    3.38198e+02    1.89348e+03
        LJ (SR)  Disper. corr.   Coulomb (SR)      Potential Pres. DC (bar)
   -2.51984e+04   -1.90322e+03   -3.12891e+04   -5.31281e+04    0.00000e+00
 Pressure (bar)   Constr. rmsd
   -1.25690e+03    2.62370e-06

           Step           Time
            381      381.00000

   Energies (kJ/mol)
           Bond          Angle       G96AngleRestricted Angles  Improper Dih.
    5.26205e+02    2.18521e+03    3.15036e+02    3.37672e+02    1.90122e+03
        LJ (SR)  Disper. corr.   Coulomb (SR)      Potential Pres. DC (bar)
   -2.52127e+04   -1.90322e+03   -3.12925e+04   -5.31431e+04    0.00000e+00
 Pressure (bar)   Constr. rmsd
   -1.26213e+03    4.11542e-06

           Step           Time
            382      382.00000

   Energies (kJ/mol)
           Bond          Angle       G96AngleRestricted Angles  Improper Dih.
    5.26482e+02    2.18136e+03    3.14141e+02    3.36596e+02    1.89025e+03
        LJ (SR)  Disper. corr.   Coulomb (SR)      Potential Pres. DC (bar)
   -2.51849e+04   -1.90322e+03   -3.13093e+04   -5.31486e+04    0.00000e+00
 Pressure (bar)   Constr. rmsd
   -1.24816e+03    7.65962e-06

           Step           Time
            383      383.00000

   Energies (kJ/mol)
           Bond          Angle       G96AngleRestricted Angles  Improper Dih.
    5.24266e+02    2.17900e+03    3.14095e+02    3.36090e+02    1.90193e+03
        LJ (SR)  Disper. corr.   Coulomb (SR)      Potential Pres. DC (bar)
   -2.52019e+04   -1.90322e+03   -3.13069e+04   -5.31567e+04    0.00000e+00
 Pressure (bar)   Constr. rmsd
   -1.25435e+03    1.24804e-05

           Step           Time
            384      384.00000

           Step           Time
            385      385.00000

   Energies (kJ/mol)
           Bond          Angle       G96AngleRestricted Angles  Improper Dih.
    5.24690e+02    2.17632e+03    3.13488e+02    3.35275e+02    1.89400e+03
        LJ (SR)  Disper. corr.   Coulomb (SR)      Potential Pres. DC (bar)
   -2.52655e+04   -1.90322e+03   -3.12976e+04   -5.32226e+04    0.00000e+00
 Pressure (bar)   Constr. rmsd
   -1.27027e+03    3.13804e-06

           Step           Time
            386      386.00000

   Energies (kJ/mol)
           Bond          Angle       G96AngleRestricted Angles  Improper Dih.
    5.22139e+02    2.16312e+03    3.11402e+02    3.33176e+02    1.89138e+03
        LJ (SR)  Disper. corr.   Coulomb (SR)      Potential Pres. DC (bar)
   -2.52369e+04   -1.90322e+03   -3.13905e+04   -5.33094e+04    0.00000e+00
 Pressure (bar)   Constr. rmsd
   -1.25561e+03    8.86040e-07

           Step           Time
            387      387.00000

           Step           Time
            388      388.00000

   Energies (kJ/mol)
           Bond          Angle       G96AngleRestricted Angles  Improper Dih.
    5.21189e+02    2.16117e+03    3.11088e+02    3.32054e+02    1.89147e+03
        LJ (SR)  Disper. corr.   Coulomb (SR)      Potential Pres. DC (bar)
   -2.52583e+04   -1.90322e+03   -3.13861e+04   -5.33307e+04    0.00000e+00
 Pressure (bar)   Constr. rmsd
   -1.25850e+03    6.86832e-07

           Step           Time
            389      389.00000

           Step           Time
            390      390.00000

   Energies (kJ/mol)
           Bond          Angle       G96AngleRestricted Angles  Improper Dih.
    5.20559e+02    2.15766e+03    3.10716e+02    3.31959e+02    1.89118e+03
        LJ (SR)  Disper. corr.   Coulomb (SR)      Potential Pres. DC (bar)
   -2.52658e+04   -1.90322e+03   -3.13971e+04   -5.33540e+04    0.00000e+00
 Pressure (bar)   Constr. rmsd
   -1.26166e+03    7.53504e-07

           Step           Time
            391      391.00000

   Energies (kJ/mol)
           Bond          Angle       G96AngleRestricted Angles  Improper Dih.
    5.19987e+02    2.15504e+03    3.10240e+02    3.31118e+02    1.88799e+03
        LJ (SR)  Disper. corr.   Coulomb (SR)      Potential Pres. DC (bar)
   -2.52679e+04   -1.90322e+03   -3.14052e+04   -5.33720e+04    0.00000e+00
 Pressure (bar)   Constr. rmsd
   -1.25847e+03    8.15858e-07

           Step           Time
            392      392.00000

   Energies (kJ/mol)
           Bond          Angle       G96AngleRestricted Angles  Improper Dih.
    5.19035e+02    2.15186e+03    3.09948e+02    3.30877e+02    1.89034e+03
        LJ (SR)  Disper. corr.   Coulomb (SR)      Potential Pres. DC (bar)
   -2.52744e+04   -1.90322e+03   -3.14135e+04   -5.33890e+04    0.00000e+00
 Pressure (bar)   Constr. rmsd
   -1.26055e+03    9.16431e-07

           Step           Time
            393      393.00000

   Energies (kJ/mol)
           Bond          Angle       G96AngleRestricted Angles  Improper Dih.
    5.18695e+02    2.14902e+03    3.09393e+02    3.30010e+02    1.88540e+03
        LJ (SR)  Disper. corr.   Coulomb (SR)      Potential Pres. DC (bar)
   -2.52692e+04   -1.90322e+03   -3.14236e+04   -5.34035e+04    0.00000e+00
 Pressure (bar)   Constr. rmsd
   -1.25492e+03    1.39635e-06

           Step           Time
            394      394.00000

   Energies (kJ/mol)
           Bond          Angle       G96AngleRestricted Angles  Improper Dih.
    5.17528e+02    2.14587e+03    3.09181e+02    3.29803e+02    1.88994e+03
        LJ (SR)  Disper. corr.   Coulomb (SR)      Potential Pres. DC (bar)
   -2.52801e+04   -1.90322e+03   -3.14292e+04   -5.34201e+04    0.00000e+00
 Pressure (bar)   Constr. rmsd
   -1.25889e+03    1.95829e-06

           Step           Time
            395      395.00000

   Energies (kJ/mol)
           Bond          Angle       G96AngleRestricted Angles  Improper Dih.
    5.17505e+02    2.14295e+03    3.08561e+02    3.28921e+02    1.88259e+03
        LJ (SR)  Disper. corr.   Coulomb (SR)      Potential Pres. DC (bar)
   -2.52635e+04   -1.90322e+03   -3.14409e+04   -5.34272e+04    0.00000e+00
 Pressure (bar)   Constr. rmsd
   -1.24924e+03    3.57271e-06

           Step           Time
            396      396.00000

   Energies (kJ/mol)
           Bond          Angle       G96AngleRestricted Angles  Improper Dih.
    5.15972e+02    2.13984e+03    3.08462e+02    3.28710e+02    1.89035e+03
        LJ (SR)  Disper. corr.   Coulomb (SR)      Potential Pres. DC (bar)
   -2.52796e+04   -1.90322e+03   -3.14419e+04   -5.34413e+04    0.00000e+00
 Pressure (bar)   Constr. rmsd
   -1.25499e+03    5.58561e-06

           Step           Time
            397      397.00000

           Step           Time
            398      398.00000

   Energies (kJ/mol)
           Bond          Angle       G96AngleRestricted Angles  Improper Dih.
    5.16199e+02    2.13809e+03    3.08070e+02    3.28146e+02    1.88478e+03
        LJ (SR)  Disper. corr.   Coulomb (SR)      Potential Pres. DC (bar)
   -2.53205e+04   -1.90322e+03   -3.14384e+04   -5.34869e+04    0.00000e+00
 Pressure (bar)   Constr. rmsd
   -1.26441e+03    1.47093e-06

           Step           Time
            399      399.00000

   Energies (kJ/mol)
           Bond          Angle       G96AngleRestricted Angles  Improper Dih.
    5.14076e+02    2.12723e+03    3.06784e+02    3.26667e+02    1.88548e+03
        LJ (SR)  Disper. corr.   Coulomb (SR)      Potential Pres. DC (bar)
   -2.53168e+04   -1.90322e+03   -3.14920e+04   -5.35518e+04    0.00000e+00
 Pressure (bar)   Constr. rmsd
   -1.25963e+03    7.92117e-07

           Step           Time
            400      400.00000

           Step           Time
            401      401.00000

   Energies (kJ/mol)
           Bond          Angle       G96AngleRestricted Angles  Improper Dih.
    5.13955e+02    2.12603e+03    3.06564e+02    3.26320e+02    1.88178e+03
        LJ (SR)  Disper. corr.   Coulomb (SR)      Potential Pres. DC (bar)
   -2.53259e+04   -1.90322e+03   -3.15002e+04   -5.35746e+04    0.00000e+00
 Pressure (bar)   Constr. rmsd
   -1.26001e+03    7.95085e-07

           Step           Time
            402      402.00000

   Energies (kJ/mol)
           Bond          Angle       G96AngleRestricted Angles  Improper Dih.
    5.12933e+02    2.12269e+03    3.06351e+02    3.26184e+02    1.88466e+03
        LJ (SR)  Disper. corr.   Coulomb (SR)      Potential Pres. DC (bar)
   -2.53278e+04   -1.90322e+03   -3.15118e+04   -5.35900e+04    0.00000e+00
 Pressure (bar)   Constr. rmsd
   -1.26039e+03    1.03716e-06

           Step           Time
            403      403.00000

   Energies (kJ/mol)
           Bond          Angle       G96AngleRestricted Angles  Improper Dih.
    5.12799e+02    2.12052e+03    3.05959e+02    3.25508e+02    1.87966e+03
        LJ (SR)  Disper. corr.   Coulomb (SR)      Potential Pres. DC (bar)
   -2.53269e+04   -1.90322e+03   -3.15214e+04   -5.36071e+04    0.00000e+00
 Pressure (bar)   Constr. rmsd
   -1.25590e+03    1.57756e-06

           Step           Time
            404      404.00000

   Energies (kJ/mol)
           Bond          Angle       G96AngleRestricted Angles  Improper Dih.
    5.11541e+02    2.11728e+03    3.05803e+02    3.25393e+02    1.88493e+03
        LJ (SR)  Disper. corr.   Coulomb (SR)      Potential Pres. DC (bar)
   -2.53304e+04   -1.90322e+03   -3.15308e+04   -5.36195e+04    0.00000e+00
 Pressure (bar)   Constr. rmsd
   -1.25771e+03    2.45371e-06

           Step           Time
            405      405.00000

   Energies (kJ/mol)
           Bond          Angle       G96AngleRestricted Angles  Improper Dih.
    5.11673e+02    2.11488e+03    3.05308e+02    3.24651e+02    1.87728e+03
        LJ (SR)  Disper. corr.   Coulomb (SR)      Potential Pres. DC (bar)
   -2.53212e+04   -1.90322e+03   -3.15416e+04   -5.36322e+04    0.00000e+00
 Pressure (bar)   Constr. rmsd
   -1.25025e+03    4.50994e-06

           Step           Time
            406      406.00000

   Energies (kJ/mol)
           Bond          Angle       G96AngleRestricted Angles  Improper Dih.
    5.09960e+02    2.11176e+03    3.05265e+02    3.24533e+02    1.88605e+03
        LJ (SR)  Disper. corr.   Coulomb (SR)      Potential Pres. DC (bar)
   -2.53247e+04   -1.90322e+03   -3.15473e+04   -5.36377e+04    0.00000e+00
 Pressure (bar)   Constr. rmsd
   -1.25204e+03    6.95819e-06

           Step           Time
            407      407.00000

   Energies (kJ/mol)
           Bond          Angle       G96AngleRestricted Angles  Improper Dih.
    5.10489e+02    2.10912e+03    3.04634e+02    3.23753e+02    1.87459e+03
        LJ (SR)  Disper. corr.   Coulomb (SR)      Potential Pres. DC (bar)
   -2.53062e+04   -1.90322e+03   -3.15583e+04   -5.36452e+04    0.00000e+00
 Pressure (bar)   Constr. rmsd
   -1.24164e+03    1.36641e-05

           Step           Time
            408      408.00000

           Step           Time
            409      409.00000

   Energies (kJ/mol)
           Bond          Angle       G96AngleRestricted Angles  Improper Dih.
    5.09294e+02    2.10719e+03    3.04648e+02    3.23467e+02    1.88127e+03
        LJ (SR)  Disper. corr.   Coulomb (SR)      Potential Pres. DC (bar)
   -2.53886e+04   -1.90322e+03   -3.15419e+04   -5.37078e+04    0.00000e+00
 Pressure (bar)   Constr. rmsd
   -1.26617e+03    2.63791e-06

           Step           Time
            410      410.00000

   Energies (kJ/mol)
           Bond          Angle       G96AngleRestricted Angles  Improper Dih.
    5.07858e+02    2.09840e+03    3.03295e+02    3.23037e+02    1.87611e+03
        LJ (SR)  Disper. corr.   Coulomb (SR)      Potential Pres. DC (bar)
   -2.52877e+04   -1.90322e+03   -3.16355e+04   -5.37178e+04    0.00000e+00
 Pressure (bar)   Constr. rmsd
   -1.22586e+03    1.54858e-06

           Step           Time
            411      411.00000

   Energies (kJ/mol)
           Bond          Angle       G96AngleRestricted Angles  Improper Dih.
    5.06566e+02    2.09702e+03    3.03276e+02    3.21979e+02    1.88283e+03
        LJ (SR)  Disper. corr.   Coulomb (SR)      Potential Pres. DC (bar)
   -2.53870e+04   -1.90322e+03   -3.16122e+04   -5.37907e+04    0.00000e+00
 Pressure (bar)   Constr. rmsd
   -1.26151e+03    1.47208e-06

           Step           Time
            412      412.00000

           Step           Time
            413      413.00000

   Energies (kJ/mol)
           Bond          Angle       G96AngleRestricted Angles  Improper Dih.
    5.06034e+02    2.09272e+03    3.02910e+02    3.21764e+02    1.87623e+03
        LJ (SR)  Disper. corr.   Coulomb (SR)      Potential Pres. DC (bar)
   -2.53739e+04   -1.90322e+03   -3.16468e+04   -5.38242e+04    0.00000e+00
 Pressure (bar)   Constr. rmsd
   -1.25494e+03    8.76330e-07

           Step           Time
            414      414.00000

   Energies (kJ/mol)
           Bond          Angle       G96AngleRestricted Angles  Improper Dih.
    5.04464e+02    2.09089e+03    3.02901e+02    3.21815e+02    1.88294e+03
        LJ (SR)  Disper. corr.   Coulomb (SR)      Potential Pres. DC (bar)
   -2.53895e+04   -1.90322e+03   -3.16513e+04   -5.38410e+04    0.00000e+00
 Pressure (bar)   Constr. rmsd
   -1.26052e+03    2.61613e-06

           Step           Time
            415      415.00000

   Energies (kJ/mol)
           Bond          Angle       G96AngleRestricted Angles  Improper Dih.
    5.04515e+02    2.08784e+03    3.02362e+02    3.21014e+02    1.87360e+03
        LJ (SR)  Disper. corr.   Coulomb (SR)      Potential Pres. DC (bar)
   -2.53641e+04   -1.90322e+03   -3.16690e+04   -5.38470e+04    0.00000e+00
 Pressure (bar)   Constr. rmsd
   -1.24618e+03    5.75284e-06

           Step           Time
            416      416.00000

   Energies (kJ/mol)
           Bond          Angle       G96AngleRestricted Angles  Improper Dih.
    5.02723e+02    2.08620e+03    3.02415e+02    3.21195e+02    1.88287e+03
        LJ (SR)  Disper. corr.   Coulomb (SR)      Potential Pres. DC (bar)
   -2.53872e+04   -1.90322e+03   -3.16704e+04   -5.38655e+04    0.00000e+00
 Pressure (bar)   Constr. rmsd
   -1.25483e+03    8.46617e-06

           Step           Time
            417      417.00000

           Step           Time
            418      418.00000

   Energies (kJ/mol)
           Bond          Angle       G96AngleRestricted Angles  Improper Dih.
    5.02948e+02    2.08381e+03    3.01910e+02    3.20494e+02    1.87585e+03
        LJ (SR)  Disper. corr.   Coulomb (SR)      Potential Pres. DC (bar)
   -2.54259e+04   -1.90322e+03   -3.16675e+04   -5.39116e+04    0.00000e+00
 Pressure (bar)   Constr. rmsd
   -1.26234e+03    2.30220e-06

           Step           Time
            419      419.00000

   Energies (kJ/mol)
           Bond          Angle       G96AngleRestricted Angles  Improper Dih.
    5.00454e+02    2.07665e+03    3.00904e+02    3.19410e+02    1.87832e+03
        LJ (SR)  Disper. corr.   Coulomb (SR)      Potential Pres. DC (bar)
   -2.54187e+04   -1.90322e+03   -3.17156e+04   -5.39618e+04    0.00000e+00
 Pressure (bar)   Constr. rmsd
   -1.25607e+03    7.86919e-07

           Step           Time
            420      420.00000

           Step           Time
            421      421.00000

   Energies (kJ/mol)
           Bond          Angle       G96AngleRestricted Angles  Improper Dih.
    5.00565e+02    2.07344e+03    3.00418e+02    3.18995e+02    1.87145e+03
        LJ (SR)  Disper. corr.   Coulomb (SR)      Potential Pres. DC (bar)
   -2.54242e+04   -1.90322e+03   -3.17244e+04   -5.39869e+04    0.00000e+00
 Pressure (bar)   Constr. rmsd
   -1.25565e+03    1.12291e-06

           Step           Time
            422      422.00000

   Energies (kJ/mol)
           Bond          Angle       G96AngleRestricted Angles  Improper Dih.
    4.99415e+02    2.07187e+03    3.00317e+02    3.19049e+02    1.87568e+03
        LJ (SR)  Disper. corr.   Coulomb (SR)      Potential Pres. DC (bar)
   -2.54376e+04   -1.90322e+03   -3.17305e+04   -5.40050e+04    0.00000e+00
 Pressure (bar)   Constr. rmsd
   -1.26045e+03    1.22124e-06

           Step           Time
            423      423.00000

   Energies (kJ/mol)
           Bond          Angle       G96AngleRestricted Angles  Improper Dih.
    4.99263e+02    2.06817e+03    2.99654e+02    3.18157e+02    1.86828e+03
        LJ (SR)  Disper. corr.   Coulomb (SR)      Potential Pres. DC (bar)
   -2.54168e+04   -1.90322e+03   -3.17459e+04   -5.40124e+04    0.00000e+00
 Pressure (bar)   Constr. rmsd
   -1.24814e+03    2.32330e-06

           Step           Time
            424      424.00000

   Energies (kJ/mol)
           Bond          Angle       G96AngleRestricted Angles  Improper Dih.
    4.97910e+02    2.06680e+03    2.99630e+02    3.18279e+02    1.87505e+03
        LJ (SR)  Disper. corr.   Coulomb (SR)      Potential Pres. DC (bar)
   -2.54404e+04   -1.90322e+03   -3.17471e+04   -5.40330e+04    0.00000e+00
 Pressure (bar)   Constr. rmsd
   -1.25697e+03    3.34373e-06

           Step           Time
            425      425.00000

           Step           Time
            426      426.00000

   Energies (kJ/mol)
           Bond          Angle       G96AngleRestricted Angles  Improper Dih.
    4.98046e+02    2.06461e+03    2.99201e+02    3.17688e+02    1.86976e+03
        LJ (SR)  Disper. corr.   Coulomb (SR)      Potential Pres. DC (bar)
   -2.54625e+04   -1.90322e+03   -3.17483e+04   -5.40647e+04    0.00000e+00
 Pressure (bar)   Constr. rmsd
   -1.25987e+03    1.05182e-06

           Step           Time
            427      427.00000

   Energies (kJ/mol)
           Bond          Angle       G96AngleRestricted Angles  Improper Dih.
    4.95965e+02    2.05827e+03    2.98323e+02    3.16780e+02    1.87264e+03
        LJ (SR)  Disper. corr.   Coulomb (SR)      Potential Pres. DC (bar)
   -2.54515e+04   -1.90322e+03   -3.17857e+04   -5.40984e+04    0.00000e+00
 Pressure (bar)   Constr. rmsd
   -1.25359e+03    8.40900e-07

           Step           Time
            428      428.00000

   Energies (kJ/mol)
           Bond          Angle       G96AngleRestricted Angles  Improper Dih.
    4.96365e+02    2.05497e+03    2.97817e+02    3.16191e+02    1.86399e+03
        LJ (SR)  Disper. corr.   Coulomb (SR)      Potential Pres. DC (bar)
   -2.54380e+04   -1.90322e+03   -3.17951e+04   -5.41070e+04    0.00000e+00
 Pressure (bar)   Constr. rmsd
   -1.24495e+03    2.69562e-06

           Step           Time
            429      429.00000

   Energies (kJ/mol)
           Bond          Angle       G96AngleRestricted Angles  Improper Dih.
    4.95080e+02    2.05392e+03    2.97841e+02    3.16387e+02    1.87102e+03
        LJ (SR)  Disper. corr.   Coulomb (SR)      Potential Pres. DC (bar)
   -2.54680e+04   -1.90322e+03   -3.17937e+04   -5.41306e+04    0.00000e+00
 Pressure (bar)   Constr. rmsd
   -1.25597e+03    3.78255e-06

           Step           Time
            430      430.00000

           Step           Time
            431      431.00000

   Energies (kJ/mol)
           Bond          Angle       G96AngleRestricted Angles  Improper Dih.
    4.95228e+02    2.05182e+03    2.97431e+02    3.15777e+02    1.86578e+03
        LJ (SR)  Disper. corr.   Coulomb (SR)      Potential Pres. DC (bar)
   -2.54897e+04   -1.90322e+03   -3.17951e+04   -5.41619e+04    0.00000e+00
 Pressure (bar)   Constr. rmsd
   -1.25817e+03    1.10929e-06

           Step           Time
            432      432.00000

   Energies (kJ/mol)
           Bond          Angle       G96AngleRestricted Angles  Improper Dih.
    4.93113e+02    2.04535e+03    2.96577e+02    3.14938e+02    1.86944e+03
        LJ (SR)  Disper. corr.   Coulomb (SR)      Potential Pres. DC (bar)
   -2.54635e+04   -1.90322e+03   -3.18371e+04   -5.41844e+04    0.00000e+00
 Pressure (bar)   Constr. rmsd
   -1.24743e+03    1.09929e-06

           Step           Time
            433      433.00000

   Energies (kJ/mol)
           Bond          Angle       G96AngleRestricted Angles  Improper Dih.
    4.93568e+02    2.04286e+03    2.96167e+02    3.14311e+02    1.86133e+03
        LJ (SR)  Disper. corr.   Coulomb (SR)      Potential Pres. DC (bar)
   -2.54760e+04   -1.90322e+03   -3.18382e+04   -5.42091e+04    0.00000e+00
 Pressure (bar)   Constr. rmsd
   -1.24622e+03    3.11333e-06

           Step           Time
            434      434.00000

   Energies (kJ/mol)
           Bond          Angle       G96AngleRestricted Angles  Improper Dih.
    4.92261e+02    2.04114e+03    2.96107e+02    3.14554e+02    1.86775e+03
        LJ (SR)  Disper. corr.   Coulomb (SR)      Potential Pres. DC (bar)
   -2.54794e+04   -1.90322e+03   -3.18444e+04   -5.42152e+04    0.00000e+00
 Pressure (bar)   Constr. rmsd
   -1.24917e+03    4.32632e-06

           Step           Time
            435      435.00000

   Energies (kJ/mol)
           Bond          Angle       G96AngleRestricted Angles  Improper Dih.
    4.92626e+02    2.03798e+03    2.95441e+02    3.13449e+02    1.85772e+03
        LJ (SR)  Disper. corr.   Coulomb (SR)      Potential Pres. DC (bar)
   -2.54584e+04   -1.90322e+03   -3.18513e+04   -5.42157e+04    0.00000e+00
 Pressure (bar)   Constr. rmsd
   -1.23529e+03    8.66629e-06

           Step           Time
            436      436.00000

   Energies (kJ/mol)
           Bond          Angle       G96AngleRestricted Angles  Improper Dih.
    4.90822e+02    2.03662e+03    2.95498e+02    3.13635e+02    1.86849e+03
        LJ (SR)  Disper. corr.   Coulomb (SR)      Potential Pres. DC (bar)
   -2.54730e+04   -1.90322e+03   -3.18503e+04   -5.42215e+04    0.00000e+00
 Pressure (bar)   Constr. rmsd
   -1.24184e+03    1.29617e-05

           Step           Time
            437      437.00000

           Step           Time
            438      438.00000

   Energies (kJ/mol)
           Bond          Angle       G96AngleRestricted Angles  Improper Dih.
    4.91331e+02    2.03410e+03    2.94952e+02    3.12813e+02    1.86049e+03
        LJ (SR)  Disper. corr.   Coulomb (SR)      Potential Pres. DC (bar)
   -2.55277e+04   -1.90322e+03   -3.18390e+04   -5.42763e+04    0.00000e+00
 Pressure (bar)   Constr. rmsd
   -1.25405e+03    3.43287e-06

           Step           Time
            439      439.00000

   Energies (kJ/mol)
           Bond          Angle       G96AngleRestricted Angles  Improper Dih.
    4.89278e+02    2.02742e+03    2.93836e+02    3.11426e+02    1.86303e+03
        LJ (SR)  Disper. corr.   Coulomb (SR)      Potential Pres. DC (bar)
   -2.55201e+04   -1.90322e+03   -3.18843e+04   -5.43227e+04    0.00000e+00
 Pressure (bar)   Constr. rmsd
   -1.24629e+03    7.96697e-07

           Step           Time
            440      440.00000

           Step           Time
            441      441.00000

   Energies (kJ/mol)
           Bond          Angle       G96AngleRestricted Angles  Improper Dih.
    4.89285e+02    2.02352e+03    2.93327e+02    3.11148e+02    1.85668e+03
        LJ (SR)  Disper. corr.   Coulomb (SR)      Potential Pres. DC (bar)
   -2.55295e+04   -1.90322e+03   -3.18931e+04   -5.43519e+04    0.00000e+00
 Pressure (bar)   Constr. rmsd
   -1.24868e+03    7.23282e-07

           Step           Time
            442      442.00000

           Step           Time
            443      443.00000

   Energies (kJ/mol)
           Bond          Angle       G96AngleRestricted Angles  Improper Dih.
    4.88280e+02    2.02255e+03    2.93213e+02    3.10951e+02    1.85993e+03
        LJ (SR)  Disper. corr.   Coulomb (SR)      Potential Pres. DC (bar)
   -2.55450e+04   -1.90322e+03   -3.18956e+04   -5.43689e+04    0.00000e+00
 Pressure (bar)   Constr. rmsd
   -1.25380e+03    6.56885e-07

           Step           Time
            444      444.00000

   Energies (kJ/mol)
           Bond          Angle       G96AngleRestricted Angles  Improper Dih.
    4.87749e+02    2.01872e+03    2.92568e+02    3.10089e+02    1.85451e+03
        LJ (SR)  Disper. corr.   Coulomb (SR)      Potential Pres. DC (bar)
   -2.55280e+04   -1.90322e+03   -3.19139e+04   -5.43815e+04    0.00000e+00
 Pressure (bar)   Constr. rmsd
   -1.24327e+03    8.79580e-07

           Step           Time
            445      445.00000

   Energies (kJ/mol)
           Bond          Angle       G96AngleRestricted Angles  Improper Dih.
    4.86732e+02    2.01771e+03    2.92472e+02    3.10007e+02    1.85866e+03
        LJ (SR)  Disper. corr.   Coulomb (SR)      Potential Pres. DC (bar)
   -2.55484e+04   -1.90322e+03   -3.19142e+04   -5.44002e+04    0.00000e+00
 Pressure (bar)   Constr. rmsd
   -1.25021e+03    9.82234e-07

           Step           Time
            446      446.00000

   Energies (kJ/mol)
           Bond          Angle       G96AngleRestricted Angles  Improper Dih.
    4.86403e+02    2.01397e+03    2.91749e+02    3.09053e+02    1.85207e+03
        LJ (SR)  Disper. corr.   Coulomb (SR)      Potential Pres. DC (bar)
   -2.55227e+04   -1.90322e+03   -3.19302e+04   -5.44029e+04    0.00000e+00
 Pressure (bar)   Constr. rmsd
   -1.23747e+03    1.36556e-06

           Step           Time
            447      447.00000

   Energies (kJ/mol)
           Bond          Angle       G96AngleRestricted Angles  Improper Dih.
    4.85219e+02    2.01295e+03    2.91707e+02    3.09044e+02    1.85792e+03
        LJ (SR)  Disper. corr.   Coulomb (SR)      Potential Pres. DC (bar)
   -2.55529e+04   -1.90322e+03   -3.19270e+04   -5.44262e+04    0.00000e+00
 Pressure (bar)   Constr. rmsd
   -1.24793e+03    2.07012e-06

           Step           Time
            448      448.00000

           Step           Time
            449      449.00000

   Energies (kJ/mol)
           Bond          Angle       G96AngleRestricted Angles  Improper Dih.
    4.85189e+02    2.01104e+03    2.91308e+02    3.08475e+02    1.85359e+03
        LJ (SR)  Disper. corr.   Coulomb (SR)      Potential Pres. DC (bar)
   -2.55645e+04   -1.90322e+03   -3.19301e+04   -5.44483e+04    0.00000e+00
 Pressure (bar)   Constr. rmsd
   -1.24851e+03    8.08140e-07

           Step           Time
            450      450.00000

   Energies (kJ/mol)
           Bond          Angle       G96AngleRestricted Angles  Improper Dih.
    4.82968e+02    2.00580e+03    2.90530e+02    3.07555e+02    1.85744e+03
        LJ (SR)  Disper. corr.   Coulomb (SR)      Potential Pres. DC (bar)
   -2.55395e+04   -1.90322e+03   -3.19582e+04   -5.44566e+04    0.00000e+00
 Pressure (bar)   Constr. rmsd
   -1.24007e+03    1.16440e-06

           Step           Time
            451      451.00000

   Energies (kJ/mol)
           Bond          Angle       G96AngleRestricted Angles  Improper Dih.
    4.83259e+02    2.00417e+03    2.90224e+02    3.06985e+02    1.85132e+03
        LJ (SR)  Disper. corr.   Coulomb (SR)      Potential Pres. DC (bar)
   -2.55737e+04   -1.90322e+03   -3.19537e+04   -5.44947e+04    0.00000e+00
 Pressure (bar)   Constr. rmsd
   -1.24610e+03    1.68639e-06

           Step           Time
            452      452.00000

           Step           Time
            453      453.00000

   Energies (kJ/mol)
           Bond          Angle       G96AngleRestricted Angles  Improper Dih.
    4.82454e+02    2.00242e+03    2.90023e+02    3.06893e+02    1.85339e+03
        LJ (SR)  Disper. corr.   Coulomb (SR)      Potential Pres. DC (bar)
   -2.55825e+04   -1.90322e+03   -3.19601e+04   -5.45106e+04    0.00000e+00
 Pressure (bar)   Constr. rmsd
   -1.24862e+03    7.53815e-07

           Step           Time
            454      454.00000

   Energies (kJ/mol)
           Bond          Angle       G96AngleRestricted Angles  Improper Dih.
    4.81854e+02    1.99924e+03    2.89418e+02    3.06025e+02    1.84919e+03
        LJ (SR)  Disper. corr.   Coulomb (SR)      Potential Pres. DC (bar)
   -2.55735e+04   -1.90322e+03   -3.19744e+04   -5.45254e+04    0.00000e+00
 Pressure (bar)   Constr. rmsd
   -1.24192e+03    7.90922e-07

           Step           Time
            455      455.00000

   Energies (kJ/mol)
           Bond          Angle       G96AngleRestricted Angles  Improper Dih.
    4.80925e+02    1.99778e+03    2.89307e+02    3.05996e+02    1.85280e+03
        LJ (SR)  Disper. corr.   Coulomb (SR)      Potential Pres. DC (bar)
   -2.55875e+04   -1.90322e+03   -3.19776e+04   -5.45416e+04    0.00000e+00
 Pressure (bar)   Constr. rmsd
   -1.24689e+03    9.80294e-07

           Step           Time
            456      456.00000

   Energies (kJ/mol)
           Bond          Angle       G96AngleRestricted Angles  Improper Dih.
    4.80646e+02    1.99493e+03    2.88728e+02    3.05109e+02    1.84700e+03
        LJ (SR)  Disper. corr.   Coulomb (SR)      Potential Pres. DC (bar)
   -2.55691e+04   -1.90322e+03   -3.19902e+04   -5.45461e+04    0.00000e+00
 Pressure (bar)   Constr. rmsd
   -1.23695e+03    1.59696e-06

           Step           Time
            457      457.00000

   Energies (kJ/mol)
           Bond          Angle       G96AngleRestricted Angles  Improper Dih.
    4.79504e+02    1.99360e+03    2.88690e+02    3.05149e+02    1.85267e+03
        LJ (SR)  Disper. corr.   Coulomb (SR)      Potential Pres. DC (bar)
   -2.55919e+04   -1.90322e+03   -3.19899e+04   -5.45654e+04    0.00000e+00
 Pressure (bar)   Constr. rmsd
   -1.24513e+03    2.33078e-06

           Step           Time
            458      458.00000

           Step           Time
            459      459.00000

   Energies (kJ/mol)
           Bond          Angle       G96AngleRestricted Angles  Improper Dih.
    4.79521e+02    1.99202e+03    2.88352e+02    3.04599e+02    1.84849e+03
        LJ (SR)  Disper. corr.   Coulomb (SR)      Potential Pres. DC (bar)
   -2.56096e+04   -1.90322e+03   -3.19913e+04   -5.45911e+04    0.00000e+00
 Pressure (bar)   Constr. rmsd
   -1.24755e+03    8.84540e-07

           Step           Time
            460      460.00000

   Energies (kJ/mol)
           Bond          Angle       G96AngleRestricted Angles  Improper Dih.
    4.77395e+02    1.98655e+03    2.87600e+02    3.03621e+02    1.85190e+03
        LJ (SR)  Disper. corr.   Coulomb (SR)      Potential Pres. DC (bar)
   -2.55920e+04   -1.90322e+03   -3.20249e+04   -5.46130e+04    0.00000e+00
 Pressure (bar)   Constr. rmsd
   -1.24068e+03    9.34774e-07

           Step           Time
            461      461.00000

   Energies (kJ/mol)
           Bond          Angle       G96AngleRestricted Angles  Improper Dih.
    4.77674e+02    1.98497e+03    2.87326e+02    3.03102e+02    1.84553e+03
        LJ (SR)  Disper. corr.   Coulomb (SR)      Potential Pres. DC (bar)
   -2.56084e+04   -1.90322e+03   -3.20257e+04   -5.46387e+04    0.00000e+00
 Pressure (bar)   Constr. rmsd
   -1.24210e+03    2.03658e-06

           Step           Time
            462      462.00000

   Energies (kJ/mol)
           Bond          Angle       G96AngleRestricted Angles  Improper Dih.
    4.76438e+02    1.98328e+03    2.87255e+02    3.03195e+02    1.85103e+03
        LJ (SR)  Disper. corr.   Coulomb (SR)      Potential Pres. DC (bar)
   -2.56068e+04   -1.90322e+03   -3.20346e+04   -5.46434e+04    0.00000e+00
 Pressure (bar)   Constr. rmsd
   -1.24326e+03    2.73280e-06

           Step           Time
            463      463.00000

   Energies (kJ/mol)
           Bond          Angle       G96AngleRestricted Angles  Improper Dih.
    4.76685e+02    1.98115e+03    2.86796e+02    3.02268e+02    1.84304e+03
        LJ (SR)  Disper. corr.   Coulomb (SR)      Potential Pres. DC (bar)
   -2.56002e+04   -1.90322e+03   -3.20411e+04   -5.46545e+04    0.00000e+00
 Pressure (bar)   Constr. rmsd
   -1.23553e+03    5.58296e-06

           Step           Time
            464      464.00000

   Energies (kJ/mol)
           Bond          Angle       G96AngleRestricted Angles  Improper Dih.
    4.75096e+02    1.97983e+03    2.86826e+02    3.02363e+02    1.85217e+03
        LJ (SR)  Disper. corr.   Coulomb (SR)      Potential Pres. DC (bar)
   -2.56041e+04   -1.90322e+03   -3.20464e+04   -5.46575e+04    0.00000e+00
 Pressure (bar)   Constr. rmsd
   -1.23881e+03    7.99469e-06

           Step           Time
            465      465.00000

           Step           Time
            466      466.00000

   Energies (kJ/mol)
           Bond          Angle       G96AngleRestricted Angles  Improper Dih.
    4.75481e+02    1.97817e+03    2.86471e+02    3.01703e+02    1.84590e+03
        LJ (SR)  Disper. corr.   Coulomb (SR)      Potential Pres. DC (bar)
   -2.56554e+04   -1.90322e+03   -3.20392e+04   -5.47101e+04    0.00000e+00
 Pressure (bar)   Constr. rmsd
   -1.25066e+03    2.18890e-06

           Step           Time
            467      467.00000

   Energies (kJ/mol)
           Bond          Angle       G96AngleRestricted Angles  Improper Dih.
    4.73637e+02    1.97226e+03    2.85558e+02    3.00454e+02    1.84791e+03
        LJ (SR)  Disper. corr.   Coulomb (SR)      Potential Pres. DC (bar)
   -2.56482e+04   -1.90322e+03   -3.21009e+04   -5.47726e+04    0.00000e+00
 Pressure (bar)   Constr. rmsd
   -1.24463e+03    7.90605e-07

           Step           Time
            468      468.00000

           Step           Time
            469      469.00000

   Energies (kJ/mol)
           Bond          Angle       G96AngleRestricted Angles  Improper Dih.
    4.73471e+02    1.96922e+03    2.85399e+02    3.00142e+02    1.84297e+03
        LJ (SR)  Disper. corr.   Coulomb (SR)      Potential Pres. DC (bar)
   -2.56449e+04   -1.90322e+03   -3.21174e+04   -5.47943e+04    0.00000e+00
 Pressure (bar)   Constr. rmsd
   -1.24172e+03    6.75933e-07

           Step           Time
            470      470.00000

           Step           Time
            471      471.00000

   Energies (kJ/mol)
           Bond          Angle       G96AngleRestricted Angles  Improper Dih.
    4.72797e+02    1.96786e+03    2.85321e+02    2.99751e+02    1.84563e+03
        LJ (SR)  Disper. corr.   Coulomb (SR)      Potential Pres. DC (bar)
   -2.56667e+04   -1.90322e+03   -3.21164e+04   -5.48149e+04    0.00000e+00
 Pressure (bar)   Constr. rmsd
   -1.24805e+03    6.14391e-07

           Step           Time
            472      472.00000

   Energies (kJ/mol)
           Bond          Angle       G96AngleRestricted Angles  Improper Dih.
    4.72434e+02    1.96353e+03    2.84895e+02    2.98891e+02    1.84021e+03
        LJ (SR)  Disper. corr.   Coulomb (SR)      Potential Pres. DC (bar)
   -2.56449e+04   -1.90322e+03   -3.21417e+04   -5.48298e+04    0.00000e+00
 Pressure (bar)   Constr. rmsd
   -1.23631e+03    7.53613e-07

           Step           Time
            473      473.00000

   Energies (kJ/mol)
           Bond          Angle       G96AngleRestricted Angles  Improper Dih.
    4.71711e+02    1.96223e+03    2.84848e+02    2.98661e+02    1.84364e+03
        LJ (SR)  Disper. corr.   Coulomb (SR)      Potential Pres. DC (bar)
   -2.56714e+04   -1.90322e+03   -3.21391e+04   -5.48526e+04    0.00000e+00
 Pressure (bar)   Constr. rmsd
   -1.24448e+03    7.67518e-07

           Step           Time
            474      474.00000

   Energies (kJ/mol)
           Bond          Angle       G96AngleRestricted Angles  Improper Dih.
    4.71591e+02    1.95811e+03    2.84340e+02    2.97812e+02    1.83734e+03
        LJ (SR)  Disper. corr.   Coulomb (SR)      Potential Pres. DC (bar)
   -2.56425e+04   -1.90322e+03   -3.21598e+04   -5.48563e+04    0.00000e+00
 Pressure (bar)   Constr. rmsd
   -1.23137e+03    1.15791e-06

           Step           Time
            475      475.00000

   Energies (kJ/mol)
           Bond          Angle       G96AngleRestricted Angles  Improper Dih.
    4.70738e+02    1.95692e+03    2.84326e+02    2.97725e+02    1.84214e+03
        LJ (SR)  Disper. corr.   Coulomb (SR)      Potential Pres. DC (bar)
   -2.56776e+04   -1.90322e+03   -3.21547e+04   -5.48837e+04    0.00000e+00
 Pressure (bar)   Constr. rmsd
   -1.24268e+03    1.36650e-06

           Step           Time
            476      476.00000

           Step           Time
            477      477.00000

   Energies (kJ/mol)
           Bond          Angle       G96AngleRestricted Angles  Improper Dih.
    4.70808e+02    1.95497e+03    2.84038e+02    2.97258e+02    1.83830e+03
        LJ (SR)  Disper. corr.   Coulomb (SR)      Potential Pres. DC (bar)
   -2.56836e+04   -1.90322e+03   -3.21604e+04   -5.49018e+04    0.00000e+00
 Pressure (bar)   Constr. rmsd
   -1.24186e+03    7.12877e-07

           Step           Time
            478      478.00000

   Energies (kJ/mol)
           Bond          Angle       G96AngleRestricted Angles  Improper Dih.
    4.69730e+02    1.95135e+03    2.83727e+02    2.96817e+02    1.84098e+03
        LJ (SR)  Disper. corr.   Coulomb (SR)      Potential Pres. DC (bar)
   -2.56772e+04   -1.90322e+03   -3.21767e+04   -5.49145e+04    0.00000e+00
 Pressure (bar)   Constr. rmsd
   -1.23909e+03    8.10452e-07

           Step           Time
            479      479.00000

   Energies (kJ/mol)
           Bond          Angle       G96AngleRestricted Angles  Improper Dih.
    4.69994e+02    1.94955e+03    2.83451e+02    2.96328e+02    1.83569e+03
        LJ (SR)  Disper. corr.   Coulomb (SR)      Potential Pres. DC (bar)
   -2.56888e+04   -1.90322e+03   -3.21787e+04   -5.49357e+04    0.00000e+00
 Pressure (bar)   Constr. rmsd
   -1.23930e+03    1.13723e-06

           Step           Time
            480      480.00000

   Energies (kJ/mol)
           Bond          Angle       G96AngleRestricted Angles  Improper Dih.
    4.68920e+02    1.94694e+03    2.83270e+02    2.96177e+02    1.84007e+03
        LJ (SR)  Disper. corr.   Coulomb (SR)      Potential Pres. DC (bar)
   -2.56803e+04   -1.90322e+03   -3.21896e+04   -5.49377e+04    0.00000e+00
 Pressure (bar)   Constr. rmsd
   -1.23729e+03    1.53252e-06

           Step           Time
            481      481.00000

   Energies (kJ/mol)
           Bond          Angle       G96AngleRestricted Angles  Improper Dih.
    4.69352e+02    1.94491e+03    2.82925e+02    2.95521e+02    1.83294e+03
        LJ (SR)  Disper. corr.   Coulomb (SR)      Potential Pres. DC (bar)
   -2.56899e+04   -1.90322e+03   -3.21910e+04   -5.49585e+04    0.00000e+00
 Pressure (bar)   Constr. rmsd
   -1.23565e+03    2.97127e-06

           Step           Time
            482      482.00000

           Step           Time
            483      483.00000

   Energies (kJ/mol)
           Bond          Angle       G96AngleRestricted Angles  Improper Dih.
    4.68710e+02    1.94376e+03    2.82868e+02    2.95454e+02    1.83641e+03
        LJ (SR)  Disper. corr.   Coulomb (SR)      Potential Pres. DC (bar)
   -2.57175e+04   -1.90322e+03   -3.21896e+04   -5.49831e+04    0.00000e+00
 Pressure (bar)   Constr. rmsd
   -1.24383e+03    8.76109e-07

           Step           Time
            484      484.00000

   Energies (kJ/mol)
           Bond          Angle       G96AngleRestricted Angles  Improper Dih.
    4.68388e+02    1.93783e+03    2.81965e+02    2.94559e+02    1.82978e+03
        LJ (SR)  Disper. corr.   Coulomb (SR)      Potential Pres. DC (bar)
   -2.56705e+04   -1.90322e+03   -3.22283e+04   -5.49895e+04    0.00000e+00
 Pressure (bar)   Constr. rmsd
   -1.22416e+03    8.49947e-07

           Step           Time
            485      485.00000

   Energies (kJ/mol)
           Bond          Angle       G96AngleRestricted Angles  Improper Dih.
    4.67549e+02    1.93704e+03    2.82006e+02    2.94596e+02    1.83497e+03
        LJ (SR)  Disper. corr.   Coulomb (SR)      Potential Pres. DC (bar)
   -2.57281e+04   -1.90322e+03   -3.22192e+04   -5.50343e+04    0.00000e+00
 Pressure (bar)   Constr. rmsd
   -1.24322e+03    1.54497e-06

           Step           Time
            486      486.00000

           Step           Time
            487      487.00000

   Energies (kJ/mol)
           Bond          Angle       G96AngleRestricted Angles  Improper Dih.
    4.67564e+02    1.93529e+03    2.81752e+02    2.94078e+02    1.83148e+03
        LJ (SR)  Disper. corr.   Coulomb (SR)      Potential Pres. DC (bar)
   -2.57314e+04   -1.90322e+03   -3.22270e+04   -5.50514e+04    0.00000e+00
 Pressure (bar)   Constr. rmsd
   -1.24107e+03    8.13334e-07

           Step           Time
            488      488.00000

   Energies (kJ/mol)
           Bond          Angle       G96AngleRestricted Angles  Improper Dih.
    4.66735e+02    1.93283e+03    2.81569e+02    2.93946e+02    1.83447e+03
        LJ (SR)  Disper. corr.   Coulomb (SR)      Potential Pres. DC (bar)
   -2.57301e+04   -1.90322e+03   -3.22398e+04   -5.50636e+04    0.00000e+00
 Pressure (bar)   Constr. rmsd
   -1.24043e+03    9.12826e-07

           Step           Time
            489      489.00000

   Energies (kJ/mol)
           Bond          Angle       G96AngleRestricted Angles  Improper Dih.
    4.66992e+02    1.93098e+03    2.81272e+02    2.93390e+02    1.82922e+03
        LJ (SR)  Disper. corr.   Coulomb (SR)      Potential Pres. DC (bar)
   -2.57348e+04   -1.90322e+03   -3.22450e+04   -5.50811e+04    0.00000e+00
 Pressure (bar)   Constr. rmsd
   -1.23781e+03    1.30411e-06

           Step           Time
            490      490.00000

   Energies (kJ/mol)
           Bond          Angle       G96AngleRestricted Angles  Improper Dih.
    4.66024e+02    1.92903e+03    2.81174e+02    2.93362e+02    1.83426e+03
        LJ (SR)  Disper. corr.   Coulomb (SR)      Potential Pres. DC (bar)
   -2.57318e+04   -1.90322e+03   -3.22541e+04   -5.50853e+04    0.00000e+00
 Pressure (bar)   Constr. rmsd
   -1.23751e+03    1.92672e-06

           Step           Time
            491      491.00000

   Energies (kJ/mol)
           Bond          Angle       G96AngleRestricted Angles  Improper Dih.
    4.66560e+02    1.92687e+03    2.80808e+02    2.92700e+02    1.82660e+03
        LJ (SR)  Disper. corr.   Coulomb (SR)      Potential Pres. DC (bar)
   -2.57322e+04   -1.90322e+03   -3.22591e+04   -5.51010e+04    0.00000e+00
 Pressure (bar)   Constr. rmsd
   -1.23282e+03    3.54712e-06

           Step           Time
            492      492.00000

           Step           Time
            493      493.00000

   Energies (kJ/mol)
           Bond          Angle       G96AngleRestricted Angles  Improper Dih.
    4.65940e+02    1.92593e+03    2.80788e+02    2.92656e+02    1.83047e+03
        LJ (SR)  Disper. corr.   Coulomb (SR)      Potential Pres. DC (bar)
   -2.57682e+04   -1.90322e+03   -3.22556e+04   -5.51312e+04    0.00000e+00
 Pressure (bar)   Constr. rmsd
   -1.24353e+03    9.57882e-07

           Step           Time
            494      494.00000

   Energies (kJ/mol)
           Bond          Angle       G96AngleRestricted Angles  Improper Dih.
    4.65761e+02    1.92007e+03    2.79960e+02    2.91892e+02    1.82484e+03
        LJ (SR)  Disper. corr.   Coulomb (SR)      Potential Pres. DC (bar)
   -2.57339e+04   -1.90322e+03   -3.22995e+04   -5.51541e+04    0.00000e+00
 Pressure (bar)   Constr. rmsd
   -1.22673e+03    7.82827e-07

           Step           Time
            495      495.00000

   Energies (kJ/mol)
           Bond          Angle       G96AngleRestricted Angles  Improper Dih.
    4.64831e+02    1.91888e+03    2.80005e+02    2.91925e+02    1.83030e+03
        LJ (SR)  Disper. corr.   Coulomb (SR)      Potential Pres. DC (bar)
   -2.57575e+04   -1.90322e+03   -3.22965e+04   -5.51712e+04    0.00000e+00
 Pressure (bar)   Constr. rmsd
   -1.23580e+03    1.65725e-06

           Step           Time
            496      496.00000

           Step           Time
            497      497.00000

   Energies (kJ/mol)
           Bond          Angle       G96AngleRestricted Angles  Improper Dih.
    4.65078e+02    1.91763e+03    2.79834e+02    2.91483e+02    1.82641e+03
        LJ (SR)  Disper. corr.   Coulomb (SR)      Potential Pres. DC (bar)
   -2.57798e+04   -1.90322e+03   -3.22958e+04   -5.51984e+04    0.00000e+00
 Pressure (bar)   Constr. rmsd
   -1.23876e+03    7.59299e-07

           Step           Time
            498      498.00000

   Energies (kJ/mol)
           Bond          Angle       G96AngleRestricted Angles  Improper Dih.
    4.63971e+02    1.91049e+03    2.79236e+02    2.90743e+02    1.82706e+03
        LJ (SR)  Disper. corr.   Coulomb (SR)      Potential Pres. DC (bar)
   -2.57668e+04   -1.90322e+03   -3.23305e+04   -5.52290e+04    0.00000e+00
 Pressure (bar)   Constr. rmsd
   -1.22999e+03    7.90386e-07

           Step           Time
            499      499.00000

   Energies (kJ/mol)
           Bond          Angle       G96AngleRestricted Angles  Improper Dih.
    4.64373e+02    1.90876e+03    2.79032e+02    2.90241e+02    1.82123e+03
        LJ (SR)  Disper. corr.   Coulomb (SR)      Potential Pres. DC (bar)
   -2.57743e+04   -1.90322e+03   -3.23306e+04   -5.52444e+04    0.00000e+00
 Pressure (bar)   Constr. rmsd
   -1.22802e+03    1.65027e-06

           Step           Time
            500      500.00000

   Energies (kJ/mol)
           Bond          Angle       G96AngleRestricted Angles  Improper Dih.
    4.63536e+02    1.90716e+03    2.79019e+02    2.90366e+02    1.82629e+03
        LJ (SR)  Disper. corr.   Coulomb (SR)      Potential Pres. DC (bar)
   -2.57777e+04   -1.90322e+03   -3.23316e+04   -5.52461e+04    0.00000e+00
 Pressure (bar)   Constr. rmsd
   -1.23027e+03    2.08173e-06


Energy minimization reached the maximum number of steps before the forces
reached the requested precision Fmax < 100.

Steepest Descents did not converge to Fmax < 100 in 501 steps.
Potential Energy  = -5.5246102e+04
Maximum force     =  2.5084541e+03 on atom 414
Norm of force     =  8.0727933e+01
Finished mdrun on rank 0 Sun Mar 16 13:11:27 2025

